-- Tạo database
CREATE DATABASE Child;

-- Xóa database (nếu cần)
DROP DATABASE Child;

-- Sử dụng database
USE Child;

-- Bảng 1: Users
DROP TABLE Users;
CREATE TABLE Users (
  UserID INT PRIMARY KEY AUTO_INCREMENT,
  Username VARCHAR(50) NOT NULL UNIQUE,
  PasswordHash VARCHAR(255) NOT NULL,
  Email VARCHAR(100) NOT NULL UNIQUE,
  FullName VARCHAR(100) NOT NULL,
  RoleName ENUM('Admin', 'Doctor', 'User') NOT NULL,
  CreatedAt DATETIME DEFAULT CURRENT_TIMESTAMP
);

-- Bảng 2: ChildProfiles
DROP TABLE ChildProfiles;
CREATE TABLE ChildProfiles (
  ChildID INT PRIMARY KEY AUTO_INCREMENT,
  UserID INT NOT NULL,
  ChildName VARCHAR(100) NOT NULL,
  DateOfBirth DATE NOT NULL,
  Gender ENUM('Male', 'Female') NOT NULL,
  HeightCm DECIMAL(5,2),
  WeightKg DECIMAL(5,2),
  BMI DECIMAL(4,2),
  FOREIGN KEY (UserID) REFERENCES Users(UserID)
);

-- Bảng 3: Memberships
CREATE TABLE Memberships (
  MembershipID INT PRIMARY KEY AUTO_INCREMENT,
  UserID INT NOT NULL UNIQUE,
  MembershipType ENUM('Basic', 'Premium') NOT NULL,
  Price DECIMAL(10,2) NOT NULL,
  StartDate DATE NOT NULL,
  EndDate DATE NOT NULL,
  PaymentMethod VARCHAR(50) NOT NULL,
  TransactionStatus ENUM('Success', 'Failed') NOT NULL,
  FOREIGN KEY (UserID) REFERENCES Users(UserID)
);

-- Bảng 4: Alerts
CREATE TABLE Alerts (
  AlertID INT PRIMARY KEY AUTO_INCREMENT,
  ChildID INT NOT NULL,
  AlertType VARCHAR(50) NOT NULL,
  Description TEXT NOT NULL,
  AlertDate DATETIME DEFAULT CURRENT_TIMESTAMP,
  FOREIGN KEY (ChildID) REFERENCES ChildProfiles(ChildID)
);

-- Bảng 5: Consultations
CREATE TABLE Consultations (
  ConsultationID INT PRIMARY KEY AUTO_INCREMENT,
  UserID INT NOT NULL,
  DoctorID INT NOT NULL,
  ChildID INT NOT NULL,
  RequestDate DATETIME DEFAULT CURRENT_TIMESTAMP,
  Message TEXT NOT NULL,
  Status ENUM('Pending', 'Completed') DEFAULT 'Pending',
  FeedbackText TEXT,
  FeedbackCreatedAt DATETIME,
  FOREIGN KEY (UserID) REFERENCES Users(UserID),
  FOREIGN KEY (DoctorID) REFERENCES Users(UserID),
  FOREIGN KEY (ChildID) REFERENCES ChildProfiles(ChildID)
);

-- Bảng 6: Reports
CREATE TABLE Reports (
  ReportID INT PRIMARY KEY AUTO_INCREMENT,
  ReportName VARCHAR(100) NOT NULL,
  Description TEXT,
  GeneratedAt DATETIME DEFAULT CURRENT_TIMESTAMP,
  GeneratedByUserID INT NOT NULL,
  ReportData JSON,
  FOREIGN KEY (GeneratedByUserID) REFERENCES Users(UserID)
);

-- Bảng 7: ContentPosts
CREATE TABLE ContentPosts (
  PostID INT PRIMARY KEY AUTO_INCREMENT,
  Title VARCHAR(255) NOT NULL,
  Content TEXT NOT NULL,
  PostType ENUM('Blog', 'FAQ') NOT NULL,
  AuthorID INT,
  CreatedAt DATETIME DEFAULT CURRENT_TIMESTAMP,
  FOREIGN KEY (AuthorID) REFERENCES Users(UserID)
);

-- full bảng select
SELECT * FROM Users;
SELECT * FROM ChildProfiles;
SELECT * FROM Memberships;
SELECT * FROM Alerts;
SELECT * FROM Consultations;
SELECT * FROM Reports;
SELECT * FROM ContentPosts;

-- Bảng 1: Users
INSERT INTO Users (Username, PasswordHash, Email, FullName, RoleName)
VALUES 
-- 5 admin
('Admin_Vu_001','Vu111','Vu@gmail.com','Đồng Huy Vũ','Admin'),
('Admin_Kha_002','Kha222','Kha@gmail.com','Nguyễn Văn Kha','Admin'),
('Admin_Dam_003','Dam333','Dam@gmail.com','Nguyễn Văn Đam','Admin'),
('Admin_Hung_004','Hung444','Hung@gmail.com','Nguyễn Văn Hùng','Admin'),
('Admin_Dat_005','Dat555','Dat@gmail.com','Lê Thanh Đạt','Admin'),
-- 50 docters
('Doctor_Bich_006', 'Bich006', 'Bich007@gmail.com', 'Lê Thị Bích', 'Doctor'),
('Doctor_Muoi_007', 'Muoi007', 'Muoi008@gmail.com', 'Lê Văn Mười', 'Doctor'),
('Doctor_Hùng_008', 'Hung008', 'Hung009@gmail.com', 'Nguyễn Văn Hùng', 'Doctor'),
('Doctor_Lan_009', 'Lan009', 'Lan010@gmail.com', 'Trần Thị Lan', 'Doctor'),
('Doctor_Dũng_010', 'Dung010', 'Dung011@gmail.com', 'Phạm Văn Dũng', 'Doctor'),
('Doctor_Mai_011', 'Mai011', 'Mai012@gmail.com', 'Lê Thị Mai', 'Doctor'),
('Doctor_Tuấn_012', 'Tuan012', 'Tuan013@gmail.com', 'Nguyễn Văn Tuấn', 'Doctor'),
('Doctor_Hoa_013', 'Hoa013', 'Hoa014@gmail.com', 'Trần Thị Hoa', 'Doctor'),
('Doctor_Mạnh_014', 'Manh014', 'Manh015@gmail.com', 'Phạm Văn Mạnh', 'Doctor'),
('Doctor_Linh_015', 'Linh015', 'Linh016@gmail.com', 'Lê Thị Linh', 'Doctor'),
('Doctor_Phong_016', 'Phong016', 'Phong017@gmail.com', 'Nguyễn Văn Phong', 'Doctor'),
('Doctor_Thảo_017', 'Thao017', 'Thao018@gmail.com', 'Trần Thị Thảo', 'Doctor'),
('Doctor_Long_018', 'Long018', 'Long019@gmail.com', 'Phạm Văn Long', 'Doctor'),
('Doctor_An_019', 'An019', 'An020@gmail.com', 'Lê Thị An', 'Doctor'),
('Doctor_Hải_020', 'Hai020', 'Hai021@gmail.com', 'Nguyễn Văn Hải', 'Doctor'),
('Doctor_Ngọc_021', 'Ngoc021', 'Ngoc022@gmail.com', 'Trần Thị Ngọc', 'Doctor'),
('Doctor_Duy_022', 'Duy022', 'Duy023@gmail.com', 'Phạm Văn Duy', 'Doctor'),
('Doctor_Hương_023', 'Huong023', 'Huong024@gmail.com', 'Lê Thị Hương', 'Doctor'),
('Doctor_Bình_024', 'Binh024', 'Binh025@gmail.com', 'Nguyễn Văn Bình', 'Doctor'),
('Doctor_Thu_025', 'Thu025', 'Thu026@gmail.com', 'Trần Thị Thu', 'Doctor'),
('Doctor_Nam_026', 'Nam026', 'Nam027@gmail.com', 'Phạm Văn Nam', 'Doctor'),
('Doctor_Yến_027', 'Yen027', 'Yen028@gmail.com', 'Lê Thị Yến', 'Doctor'),
('Doctor_Khôi_028', 'Khoi028', 'Khoi029@gmail.com', 'Nguyễn Văn Khôi', 'Doctor'),
('Doctor_Hằng_029', 'Hang029', 'Hang030@gmail.com', 'Trần Thị Hằng', 'Doctor'),
('Doctor_Quang_030', 'Quang030', 'Quang031@gmail.com', 'Phạm Văn Quang', 'Doctor'),
('Doctor_Trang_031', 'Trang031', 'Trang032@gmail.com', 'Lê Thị Trang', 'Doctor'),
('Doctor_Việt_032', 'Viet032', 'Viet033@gmail.com', 'Nguyễn Văn Việt', 'Doctor'),
('Doctor_Minh_033', 'Minh033', 'Minh034@gmail.com', 'Trần Thị Minh', 'Doctor'),
('Doctor_Thắng_034', 'Thang034', 'Thang035@gmail.com', 'Phạm Văn Thắng', 'Doctor'),
('Doctor_Hiền_035', 'Hien035', 'Hien036@gmail.com', 'Lê Thị Hiền', 'Doctor'),
('Doctor_Trung_036', 'Trung036', 'Trung037@gmail.com', 'Nguyễn Văn Trung', 'Doctor'),
('Doctor_Thúy_037', 'Thuy037', 'Thuy038@gmail.com', 'Trần Thị Thúy', 'Doctor'),
('Doctor_Hiệp_038', 'Hiep038', 'Hiep039@gmail.com', 'Phạm Văn Hiệp', 'Doctor'),
('Doctor_Lệ_039', 'Le039', 'Le040@gmail.com', 'Lê Thị Lệ', 'Doctor'),
('Doctor_Đức_040', 'Duc040', 'Duc041@gmail.com', 'Nguyễn Văn Đức', 'Doctor'),
('Doctor_Hạnh_041', 'Hanh041', 'Hanh042@gmail.com', 'Trần Thị Hạnh', 'Doctor'),
('Doctor_Cường_042', 'Cuong042', 'Cuong043@gmail.com', 'Phạm Văn Cường', 'Doctor'),
('Doctor_Tâm_043', 'Tam043', 'Tam044@gmail.com', 'Lê Thị Tâm', 'Doctor'),
('Doctor_Sơn_044', 'Son044', 'Son045@gmail.com', 'Nguyễn Văn Sơn', 'Doctor'),
('Doctor_Phương_045', 'Phuong045', 'Phuong046@gmail.com', 'Trần Thị Phương', 'Doctor'),
('Doctor_Khoa_046', 'Khoa046', 'Khoa047@gmail.com', 'Phạm Văn Khoa', 'Doctor'),
('Doctor_Thy_047', 'Thy047', 'Thy048@gmail.com', 'Lê Thị Thy', 'Doctor'),
('Doctor_Thiên_048', 'Thien048', 'Thien049@gmail.com', 'Nguyễn Văn Thiên', 'Doctor'),
('Doctor_Hồng_049', 'Hong049', 'Hong050@gmail.com', 'Trần Thị Hồng', 'Doctor'),
('Doctor_Tín_050', 'Tin050', 'Tin051@gmail.com', 'Phạm Văn Tín', 'Doctor'),
('Doctor_Nhi_051', 'Nhi051', 'Nhi052@gmail.com', 'Lê Thị Nhi', 'Doctor'),
('Doctor_Đạt_052', 'Dat052', 'Dat053@gmail.com', 'Nguyễn Văn Đạt', 'Doctor'),
('Doctor_Ly_053', 'Ly053', 'Ly054@gmail.com', 'Trần Thị Ly', 'Doctor'),
('Doctor_Khánh_054', 'Khanh054', 'Khanh055@gmail.com', 'Phạm Văn Khánh', 'Doctor'),
('Doctor_Vân_055', 'Van055', 'Van056@gmail.com', 'Lê Thị Vân', 'Doctor'),
('Doctor_Hoàng_056', 'Hoang056', 'Hoang057@gmail.com', 'Nguyễn Văn Hoàng', 'Doctor'),
-- 200 Users
('User_Phước_057', 'Phuoc057', 'Phuoc057@gmail.com', 'Nguyễn Văn Phước', 'User'),
('User_Thanh_058', 'Thanh058', 'Thanh058@gmail.com', 'Lê Thị Thanh', 'User'),
('User_Kiên_059', 'Kien059', 'Kien059@gmail.com', 'Trần Văn Kiên', 'User'),
('User_Huyền_060', 'Huyen060', 'Huyen060@gmail.com', 'Phạm Thị Huyền', 'User'),
('User_Tài_061', 'Tai061', 'Tai061@gmail.com', 'Nguyễn Văn Tài', 'User'),
('User_Hà_062', 'Ha062', 'Ha062@gmail.com', 'Lê Thị Hà', 'User'),
('User_Vinh_063', 'Vinh063', 'Vinh063@gmail.com', 'Trần Văn Vinh', 'User'),
('User_Mỹ_064', 'My064', 'My064@gmail.com', 'Phạm Thị Mỹ', 'User'),
('User_Chiến_065', 'Chien065', 'Chien065@gmail.com', 'Nguyễn Văn Chiến', 'User'),
('User_Duyên_066', 'Duyen066', 'Duyen066@gmail.com', 'Lê Thị Duyên', 'User'),
('User_Đăng_067', 'Dang067', 'Dang067@gmail.com', 'Trần Văn Đăng', 'User'),
('User_Bảo_068', 'Bao068', 'Bao068@gmail.com', 'Phạm Thị Bảo', 'User'),
('User_Phúc_069', 'Phuc069', 'Phuc069@gmail.com', 'Nguyễn Văn Phúc', 'User'),
('User_Nga_070', 'Nga070', 'Nga070@gmail.com', 'Lê Thị Nga', 'User'),
('User_Khang_071', 'Khang071', 'Khang071@gmail.com', 'Trần Văn Khang', 'User'),
('User_Quỳnh_072', 'Quynh072', 'Quynh072@gmail.com', 'Phạm Thị Quỳnh', 'User'),
('User_Thành_073', 'Thanh073', 'Thanh073@gmail.com', 'Nguyễn Văn Thành', 'User'),
('User_Tuyết_074', 'Tuyet074', 'Tuyet074@gmail.com', 'Lê Thị Tuyết', 'User'),
('User_Lộc_075', 'Loc075', 'Loc075@gmail.com', 'Trần Văn Lộc', 'User'),
('User_Kim_076', 'Kim076', 'Kim076@gmail.com', 'Phạm Thị Kim', 'User'),
('User_Anh_077', 'Anh077', 'Anh077@gmail.com', 'Nguyễn Văn Anh', 'User'),
('User_Diệu_078', 'Dieu078', 'Dieu078@gmail.com', 'Lê Thị Diệu', 'User'),
('User_Nhật_079', 'Nhat079', 'Nhat079@gmail.com', 'Trần Văn Nhật', 'User'),
('User_Tú_080', 'Tu080', 'Tu080@gmail.com', 'Phạm Thị Tú', 'User'),
('User_Hòa_081', 'Hoa081', 'Hoa081@gmail.com', 'Nguyễn Văn Hòa', 'User'),
('User_Liễu_082', 'Lieu082', 'Lieu082@gmail.com', 'Lê Thị Liễu', 'User'),
('User_Tiến_083', 'Tien083', 'Tien083@gmail.com', 'Trần Văn Tiến', 'User'),
('User_Hường_084', 'Huong084', 'Huong084@gmail.com', 'Phạm Thị Hường', 'User'),
('User_Định_085', 'Dinh085', 'Dinh085@gmail.com', 'Nguyễn Văn Định', 'User'),
('User_Phượng_086', 'Phuong086', 'Phuong086@gmail.com', 'Lê Thị Phượng', 'User'),
('User_Lâm_087', 'Lam087', 'Lam087@gmail.com', 'Trần Văn Lâm', 'User'),
('User_Ngân_088', 'Ngan088', 'Ngan088@gmail.com', 'Phạm Thị Ngân', 'User'),
('User_Hưng_089', 'Hung089', 'Hung089@gmail.com', 'Nguyễn Văn Hưng', 'User'),
('User_Đào_090', 'Dao090', 'Dao090@gmail.com', 'Lê Thị Đào', 'User'),
('User_Thiện_091', 'Thien091', 'Thien091@gmail.com', 'Trần Văn Thiện', 'User'),
('User_Sương_092', 'Suong092', 'Suong092@gmail.com', 'Phạm Thị Sương', 'User'),
('User_Lương_093', 'Luong093', 'Luong093@gmail.com', 'Nguyễn Văn Lương', 'User'),
('User_Oanh_094', 'Oanh094', 'Oanh094@gmail.com', 'Lê Thị Oanh', 'User'),
('User_Thông_095', 'Thong095', 'Thong095@gmail.com', 'Trần Văn Thông', 'User'),
('User_Vi_096', 'Vi096', 'Vi096@gmail.com', 'Phạm Thị Vi', 'User'),
('User_Tâm_097', 'Tam097', 'Tam097@gmail.com', 'Nguyễn Văn Tâm', 'User'),
('User_Nguyệt_098', 'Nguyet098', 'Nguyet098@gmail.com', 'Lê Thị Nguyệt', 'User'),
('User_Phi_099', 'Phi099', 'Phi099@gmail.com', 'Trần Văn Phi', 'User'),
('User_Hậu_100', 'Hau100', 'Hau100@gmail.com', 'Phạm Thị Hậu', 'User'),
('User_Hiếu_101', 'Hieu101', 'Hieu101@gmail.com', 'Nguyễn Văn Hiếu', 'User'),
('User_Ái_102', 'Ai102', 'Ai102@gmail.com', 'Lê Thị Ái', 'User'),
('User_Đoàn_103', 'Doan103', 'Doan103@gmail.com', 'Trần Văn Đoàn', 'User'),
('User_Thoa_104', 'Thoa104', 'Thoa104@gmail.com', 'Phạm Thị Thoa', 'User'),
('User_Tịnh_105', 'Tinh105', 'Tinh105@gmail.com', 'Nguyễn Văn Tịnh', 'User'),
('User_Kiều_106', 'Kieu106', 'Kieu106@gmail.com', 'Lê Thị Kiều', 'User'),
('User_Khải_107', 'Khai107', 'Khai107@gmail.com', 'Trần Văn Khải', 'User'),
('User_Vỹ_108', 'Vy108', 'Vy108@gmail.com', 'Phạm Thị Vỹ', 'User'),
('User_Quý_109', 'Quy109', 'Quy109@gmail.com', 'Nguyễn Văn Quý', 'User'),
('User_Thắm_110', 'Tham110', 'Tham110@gmail.com', 'Lê Thị Thắm', 'User'),
('User_Tấn_111', 'Tan111', 'Tan111@gmail.com', 'Trần Văn Tấn', 'User'),
('User_Nhiên_112', 'Nhien112', 'Nhien112@gmail.com', 'Phạm Thị Nhiên', 'User'),
('User_Đông_113', 'Dong113', 'Dong113@gmail.com', 'Nguyễn Văn Đông', 'User'),
('User_Tường_114', 'Tuong114', 'Tuong114@gmail.com', 'Lê Thị Tường', 'User'),
('User_Hảo_115', 'Hao115', 'Hao115@gmail.com', 'Trần Văn Hảo', 'User'),
('User_Lợi_116', 'Loi116', 'Loi116@gmail.com', 'Phạm Thị Lợi', 'User'),
('User_Hợp_117', 'Hop117', 'Hop117@gmail.com', 'Nguyễn Văn Hợp', 'User'),
('User_Diễm_118', 'Diem118', 'Diem118@gmail.com', 'Lê Thị Diễm', 'User'),
('User_Nghĩa_119', 'Nghia119', 'Nghia119@gmail.com', 'Trần Văn Nghĩa', 'User'),
('User_Thương_120', 'Thuong120', 'Thuong120@gmail.com', 'Phạm Thị Thương', 'User'),
('User_Toàn_121', 'Toan121', 'Toan121@gmail.com', 'Nguyễn Văn Toàn', 'User'),
('User_Hồng_122', 'Hong122', 'Hong122@gmail.com', 'Lê Thị Hồng', 'User'),
('User_Lực_123', 'Luc123', 'Luc123@gmail.com', 'Trần Văn Lực', 'User'),
('User_Danh_124', 'Danh124', 'Danh124@gmail.com', 'Phạm Thị Danh', 'User'),
('User_Khiệm_125', 'Khiem125', 'Khiem125@gmail.com', 'Nguyễn Văn Khiệm', 'User'),
('User_Điệp_126', 'Diep126', 'Diep126@gmail.com', 'Lê Thị Điệp', 'User'),
('User_Trí_127', 'Tri127', 'Tri127@gmail.com', 'Trần Văn Trí', 'User'),
('User_Hiền_128', 'Hien128', 'Hien128@gmail.com', 'Phạm Thị Hiền', 'User'),
('User_Thụy_129', 'Thuy129', 'Thuy129@gmail.com', 'Nguyễn Văn Thụy', 'User'),
('User_Mơ_130', 'Mo130', 'Mo130@gmail.com', 'Lê Thị Mơ', 'User'),
('User_Sang_131', 'Sang131', 'Sang131@gmail.com', 'Trần Văn Sang', 'User'),
('User_Vân_132', 'Van132', 'Van132@gmail.com', 'Phạm Thị Vân', 'User'),
('User_Hòa_133', 'Hoa133', 'Hoa133@gmail.com', 'Nguyễn Văn Hòa', 'User'),
('User_Thi_134', 'Thi134', 'Thi134@gmail.com', 'Lê Thị Thi', 'User'),
('User_Điền_135', 'Dien135', 'Dien135@gmail.com', 'Trần Văn Điền', 'User'),
('User_Ly_136', 'Ly136', 'Ly136@gmail.com', 'Phạm Thị Ly', 'User'),
('User_Bá_137', 'Ba137', 'Ba137@gmail.com', 'Nguyễn Văn Bá', 'User'),
('User_Hạnh_138', 'Hanh138', 'Hanh138@gmail.com', 'Lê Thị Hạnh', 'User'),
('User_Công_139', 'Cong139', 'Cong139@gmail.com', 'Trần Văn Công', 'User'),
('User_Thuấn_140', 'Thuan140', 'Thuan140@gmail.com', 'Phạm Thị Thuấn', 'User'),
('User_Thức_141', 'Thuc141', 'Thuc141@gmail.com', 'Nguyễn Văn Thức', 'User'),
('User_Mộng_142', 'Mong142', 'Mong142@gmail.com', 'Lê Thị Mộng', 'User'),
('User_Khoa_143', 'Khoa143', 'Khoa143@gmail.com', 'Trần Văn Khoa', 'User'),
('User_Thanh_144', 'Thanh144', 'Thanh144@gmail.com', 'Phạm Thị Thanh', 'User'),
('User_Quân_145', 'Quan145', 'Quan145@gmail.com', 'Nguyễn Văn Quân', 'User'),
('User_Tuyền_146', 'Tuyen146', 'Tuyen146@gmail.com', 'Lê Thị Tuyền', 'User'),
('User_Vũ_147', 'Vu147', 'Vu147@gmail.com', 'Trần Văn Vũ', 'User'),
('User_Hoa_148', 'Hoa148', 'Hoa148@gmail.com', 'Phạm Thị Hoa', 'User'),
('User_Dương_149', 'Duong149', 'Duong149@gmail.com', 'Nguyễn Văn Dương', 'User'),
('User_Lài_150', 'Lai150', 'Lai150@gmail.com', 'Lê Thị Lài', 'User'),
('User_Phát_151', 'Phat151', 'Phat151@gmail.com', 'Trần Văn Phát', 'User'),
('User_Lộc_152', 'Loc152', 'Loc152@gmail.com', 'Phạm Thị Lộc', 'User'),
('User_Nhân_153', 'Nhan153', 'Nhan153@gmail.com', 'Nguyễn Văn Nhân', 'User'),
('User_Hường_154', 'Huong154', 'Huong154@gmail.com', 'Lê Thị Hường', 'User'),
('User_Tín_155', 'Tin155', 'Tin155@gmail.com', 'Trần Văn Tín', 'User'),
('User_Minh_156', 'Minh156', 'Minh156@gmail.com', 'Phạm Thị Minh', 'User'),
('User_Đại_157', 'Dai157', 'Dai157@gmail.com', 'Nguyễn Văn Đại', 'User'),
('User_Thảo_158', 'Thao158', 'Thao158@gmail.com', 'Lê Thị Thảo', 'User'),
('User_Hòa_159', 'Hoa159', 'Hoa159@gmail.com', 'Trần Văn Hòa', 'User'),
('User_Ngọc_160', 'Ngoc160', 'Ngoc160@gmail.com', 'Phạm Thị Ngọc', 'User'),
('User_Thắng_161', 'Thang161', 'Thang161@gmail.com', 'Nguyễn Văn Thắng', 'User'),
('User_Lan_162', 'Lan162', 'Lan162@gmail.com', 'Lê Thị Lan', 'User'),
('User_Mạnh_163', 'Manh163', 'Manh163@gmail.com', 'Trần Văn Mạnh', 'User'),
('User_Thúy_164', 'Thuy164', 'Thuy164@gmail.com', 'Phạm Thị Thúy', 'User'),
('User_Long_165', 'Long165', 'Long165@gmail.com', 'Nguyễn Văn Long', 'User'),
('User_Hương_166', 'Huong166', 'Huong166@gmail.com', 'Lê Thị Hương', 'User'),
('User_Phong_167', 'Phong167', 'Phong167@gmail.com', 'Trần Văn Phong', 'User'),
('User_An_168', 'An168', 'An168@gmail.com', 'Phạm Thị An', 'User'),
('User_Hải_169', 'Hai169', 'Hai169@gmail.com', 'Nguyễn Văn Hải', 'User'),
('User_Mai_170', 'Mai170', 'Mai170@gmail.com', 'Lê Thị Mai', 'User'),
('User_Duy_171', 'Duy171', 'Duy171@gmail.com', 'Trần Văn Duy', 'User'),
('User_Thu_172', 'Thu172', 'Thu172@gmail.com', 'Phạm Thị Thu', 'User'),
('User_Bình_173', 'Binh173', 'Binh173@gmail.com', 'Nguyễn Văn Bình', 'User'),
('User_Yến_174', 'Yen174', 'Yen174@gmail.com', 'Lê Thị Yến', 'User'),
('User_Nam_175', 'Nam175', 'Nam175@gmail.com', 'Trần Văn Nam', 'User'),
('User_Hằng_176', 'Hang176', 'Hang176@gmail.com', 'Phạm Thị Hằng', 'User'),
('User_Khôi_177', 'Khoi177', 'Khoi177@gmail.com', 'Nguyễn Văn Khôi', 'User'),
('User_Trang_178', 'Trang178', 'Trang178@gmail.com', 'Lê Thị Trang', 'User'),
('User_Quang_179', 'Quang179', 'Quang179@gmail.com', 'Trần Văn Quang', 'User'),
('User_Hiền_180', 'Hien180', 'Hien180@gmail.com', 'Phạm Thị Hiền', 'User'),
('User_Việt_181', 'Viet181', 'Viet181@gmail.com', 'Nguyễn Văn Việt', 'User'),
('User_Thủy_182', 'Thuy182', 'Thuy182@gmail.com', 'Lê Thị Thủy', 'User'),
('User_Trung_183', 'Trung183', 'Trung183@gmail.com', 'Trần Văn Trung', 'User'),
('User_Lệ_184', 'Le184', 'Le184@gmail.com', 'Phạm Thị Lệ', 'User'),
('User_Hiệp_185', 'Hiep185', 'Hiep185@gmail.com', 'Nguyễn Văn Hiệp', 'User'),
('User_Tâm_186', 'Tam186', 'Tam186@gmail.com', 'Lê Thị Tâm', 'User'),
('User_Đức_187', 'Duc187', 'Duc187@gmail.com', 'Trần Văn Đức', 'User'),
('User_Thy_188', 'Thy188', 'Thy188@gmail.com', 'Phạm Thị Thy', 'User'),
('User_Cường_189', 'Cuong189', 'Cuong189@gmail.com', 'Nguyễn Văn Cường', 'User'),
('User_Phương_190', 'Phuong190', 'Phuong190@gmail.com', 'Lê Thị Phương', 'User'),
('User_Sơn_191', 'Son191', 'Son191@gmail.com', 'Trần Văn Sơn', 'User'),
('User_Nhi_192', 'Nhi192', 'Nhi192@gmail.com', 'Phạm Thị Nhi', 'User'),
('User_Khoa_193', 'Khoa193', 'Khoa193@gmail.com', 'Nguyễn Văn Khoa', 'User'),
('User_Hồng_194', 'Hong194', 'Hong194@gmail.com', 'Lê Thị Hồng', 'User'),
('User_Thiên_195', 'Thien195', 'Thien195@gmail.com', 'Trần Văn Thiên', 'User'),
('User_Ly_196', 'Ly196', 'Ly196@gmail.com', 'Phạm Thị Ly', 'User'),
('User_Tín_197', 'Tin197', 'Tin197@gmail.com', 'Nguyễn Văn Tín', 'User'),
('User_Vân_198', 'Van198', 'Van198@gmail.com', 'Lê Thị Vân', 'User'),
('User_Đạt_199', 'Dat199', 'Dat199@gmail.com', 'Trần Văn Đạt', 'User'),
('User_Hoa_200', 'Hoa200', 'Hoa200@gmail.com', 'Phạm Thị Hoa', 'User'),
('User_Khánh_201', 'Khanh201', 'Khanh201@gmail.com', 'Nguyễn Văn Khánh', 'User'),
('User_Thảo_202', 'Thao202', 'Thao202@gmail.com', 'Lê Thị Thảo', 'User'),
('User_Hoàng_203', 'Hoang203', 'Hoang203@gmail.com', 'Trần Văn Hoàng', 'User'),
('User_Minh_204', 'Minh204', 'Minh204@gmail.com', 'Phạm Thị Minh', 'User'),
('User_Thanh_205', 'Thanh205', 'Thanh205@gmail.com', 'Nguyễn Văn Thanh', 'User'),
('User_Huyền_206', 'Huyen206', 'Huyen206@gmail.com', 'Lê Thị Huyền', 'User'),
('User_Kiên_207', 'Kien207', 'Kien207@gmail.com', 'Trần Văn Kiên', 'User'),
('User_Mỹ_208', 'My208', 'My208@gmail.com', 'Phạm Thị Mỹ', 'User'),
('User_Tài_209', 'Tai209', 'Tai209@gmail.com', 'Nguyễn Văn Tài', 'User'),
('User_Hà_210', 'Ha210', 'Ha210@gmail.com', 'Lê Thị Hà', 'User'),
('User_Vinh_211', 'Vinh211', 'Vinh211@gmail.com', 'Trần Văn Vinh', 'User'),
('User_Chiến_212', 'Chien212', 'Chien212@gmail.com', 'Phạm Văn Chiến', 'User'),
('User_Duyên_213', 'Duyen213', 'Duyen213@gmail.com', 'Nguyễn Thị Duyên', 'User'),
('User_Đăng_214', 'Dang214', 'Dang214@gmail.com', 'Lê Văn Đăng', 'User'),
('User_Bảo_215', 'Bao215', 'Bao215@gmail.com', 'Trần Thị Bảo', 'User'),
('User_Phúc_216', 'Phuc216', 'Phuc216@gmail.com', 'Phạm Văn Phúc', 'User'),
('User_Nga_217', 'Nga217', 'Nga217@gmail.com', 'Nguyễn Thị Nga', 'User'),
('User_Khang_218', 'Khang218', 'Khang218@gmail.com', 'Lê Văn Khang', 'User'),
('User_Quỳnh_219', 'Quynh219', 'Quynh219@gmail.com', 'Trần Thị Quỳnh', 'User'),
('User_Thành_220', 'Thanh220', 'Thanh220@gmail.com', 'Phạm Văn Thành', 'User'),
('User_Tuyết_221', 'Tuyet221', 'Tuyet221@gmail.com', 'Nguyễn Thị Tuyết', 'User'),
('User_Lộc_222', 'Loc222', 'Loc222@gmail.com', 'Lê Văn Lộc', 'User'),
('User_Kim_223', 'Kim223', 'Kim223@gmail.com', 'Trần Thị Kim', 'User'),
('User_Anh_224', 'Anh224', 'Anh224@gmail.com', 'Phạm Văn Anh', 'User'),
('User_Diệu_225', 'Dieu225', 'Dieu225@gmail.com', 'Nguyễn Thị Diệu', 'User'),
('User_Nhật_226', 'Nhat226', 'Nhat226@gmail.com', 'Lê Văn Nhật', 'User'),
('User_Tú_227', 'Tu227', 'Tu227@gmail.com', 'Trần Thị Tú', 'User'),
('User_Hòa_228', 'Hoa228', 'Hoa228@gmail.com', 'Phạm Văn Hòa', 'User'),
('User_Liễu_229', 'Lieu229', 'Lieu229@gmail.com', 'Nguyễn Thị Liễu', 'User'),
('User_Tiến_230', 'Tien230', 'Tien230@gmail.com', 'Lê Văn Tiến', 'User'),
('User_Hường_231', 'Huong231', 'Huong231@gmail.com', 'Trần Thị Hường', 'User'),
('User_Định_232', 'Dinh232', 'Dinh232@gmail.com', 'Phạm Văn Định', 'User'),
('User_Phượng_233', 'Phuong233', 'Phuong233@gmail.com', 'Nguyễn Thị Phượng', 'User'),
('User_Lâm_234', 'Lam234', 'Lam234@gmail.com', 'Lê Văn Lâm', 'User'),
('User_Ngân_235', 'Ngan235', 'Ngan235@gmail.com', 'Trần Thị Ngân', 'User'),
('User_Hưng_236', 'Hung236', 'Hung236@gmail.com', 'Phạm Văn Hưng', 'User'),
('User_Đào_237', 'Dao237', 'Dao237@gmail.com', 'Nguyễn Thị Đào', 'User'),
('User_Thiện_238', 'Thien238', 'Thien238@gmail.com', 'Lê Văn Thiện', 'User'),
('User_Sương_239', 'Suong239', 'Suong239@gmail.com','Trần Thị Sương', 'User'),
('User_Lương_240', 'Luong240', 'Luong240@gmail.com', 'Phạm Văn Lương', 'User'),
('User_Oanh_241', 'Oanh241', 'Oanh241@gmail.com', 'Nguyễn Thị Oanh', 'User'),
('User_Thông_242', 'Thong242', 'Thong242@gmail.com', 'Lê Văn Thông', 'User'),
('User_Vi_243', 'Vi243', 'Vi243@gmail.com', 'Trần Thị Vi', 'User'),
('User_Tâm_244', 'Tam244', 'Tam244@gmail.com', 'Phạm Văn Tâm', 'User'),
('User_Nguyệt_245', 'Nguyet245', 'Nguyet245@gmail.com', 'Nguyễn Thị Nguyệt', 'User'),
('User_Phi_246', 'Phi246', 'Phi246@gmail.com', 'Lê Văn Phi', 'User'),
('User_Hậu_247', 'Hau247', 'Hau247@gmail.com', 'Trần Thị Hậu', 'User'),
('User_Hiếu_248', 'Hieu248', 'Hieu248@gmail.com', 'Phạm Văn Hiếu', 'User'),
('User_Ái_249', 'Ai249', 'Ai249@gmail.com', 'Nguyễn Thị Ái', 'User'),
('User_Đoàn_250', 'Doan250', 'Doan250@gmail.com', 'Lê Văn Đoàn', 'User'),
('User_Thoa_251', 'Thoa251', 'Thoa251@gmail.com', 'Trần Thị Thoa', 'User'),
('User_Tịnh_252', 'Tinh252', 'Tinh252@gmail.com', 'Phạm Văn Tịnh', 'User'),
('User_Kiều_253', 'Kieu253', 'Kieu253@gmail.com', 'Nguyễn Thị Kiều', 'User'),
('User_Khải_254', 'Khai254', 'Khai254@gmail.com', 'Lê Văn Khải', 'User'),
('User_Vỹ_255', 'Vy255', 'Vy255@gmail.com', 'Trần Thị Vỹ', 'User'),
('User_Quý_256', 'Quy256', 'Quy256@gmail.com', 'Phạm Văn Quý', 'User'),
('User_Thắm_257', 'Tham257', 'Tham257@gmail.com', 'Nguyễn Thị Thắm', 'User');


-- bảng 2 ChildProfiles;
INSERT INTO ChildProfiles (UserID, ChildName, DateOfBirth, Gender, HeightCm, WeightKg, BMI) 
VALUES
(57, 'Bùi Khánh Gia Hoàng', '2023-03-05', 'Male', '86.45', '12.67', '16.95'),
(58, 'Bùi Ngọc Tấn Nhi', '2023-04-18', 'Male', '86.86', '12.74', '16.89'),
(59, 'Bùi Nhật Trọng Hạnh', '2023-05-27', 'Male', '87.65', '12.88', '16.77'),
(60, 'Bùi Nhật Tú', '2023-06-10', 'Male', '88.42', '13.02', '16.65'),
(61, 'Bùi Phúc Bình', '2023-07-03', 'Male', '89.18', '13.15', '16.54'),
(62, 'Bùi Phúc Minh', '2023-08-29', 'Male', '89.91', '13.29', '16.44'),
(63, 'Bùi Thanh Tài', '2023-09-12', 'Male', '90.63', '13.43', '16.35'),
(64, 'Bùi Thanh Tấn Trang', '2023-10-25', 'Male', '91.33', '13.56', '16.26'),
(65, 'Bùi Thành Kim Khoa', '2023-11-08', 'Male', '92.02', '13.7', '16.18'),
(66, 'Bùi Trọng Phong', '2023-12-31', 'Male', '92.7', '13.84', '16.1'),
(67, 'Bùi Trọng Thùy', '2022-01-07', 'Male', '93.36', '13.97', '16.03'),
(68, 'Bùi Trọng Tấn Tuấn', '2022-02-19', 'Male', '94.01', '14.12', '15.97'),
(69, 'Bùi Tấn Trung Phong', '2022-03-28', 'Male', '94.65', '14.26', '15.92'),
(70, 'Bùi Văn Thảo', '2022-04-11', 'Male', '95.27', '14.4', '15.87'),
(71, 'Bùi Đức Giang', '2022-05-04', 'Male', '95.91', '14.55', '15.82'),
(72, 'Dương Gia Quốc Ngân', '2022-06-20', 'Male', '96.55', '14.7', '15.77'),
(73, 'Dương Hữu Khánh Hạnh', '2022-07-14', 'Male', '97.17', '14.85', '15.73'),
(74, 'Dương Hữu Trí', '2022-08-01', 'Male', '97.79', '15', '15.69'),
(75, 'Dương Hữu Tấn Việt', '2022-09-23', 'Male', '98.4', '15.16', '15.66'),
(76, 'Dương Minh Trung Thùy', '2022-10-16', 'Male', '99', '15.32', '15.63'),
(77, 'Dương Nhật Giang', '2022-11-29', 'Male', '99.6', '15.48', '15.6'),
(78, 'Dương Nhật Nhân', '2022-12-05', 'Male', '100.19', '15.64', '15.58'),
(79, 'Dương Nhật Nhật Đạt', '2021-01-21', 'Male', '100.78', '15.81', '15.57'),
(80, 'Dương Nhật Phúc Nghĩa', '2021-02-10', 'Male', '101.36', '15.98', '15.55'),
(81, 'Dương Thiên Minh', '2021-03-17', 'Male', '101.94', '16.15', '15.54'),
(82, 'Dương Thành Trung Nhân', '2021-04-30', 'Male', '102.51', '16.32', '15.53'),
(83, 'Dương Thùy Hòa', '2021-05-13', 'Male', '103.08', '16.49', '15.52'),
(84, 'Dương Thùy Lâm', '2021-06-06', 'Male', '103.65', '16.66', '15.51'),
(85, 'Dương Thùy Việt', '2021-07-22', 'Male', '104.21', '16.84', '15.51'),
(86, 'Dương Thùy Xuân Nhân', '2021-08-08', 'Male', '104.77', '17.02', '15.5'),
(87, 'Dương Thị An', '2021-09-29', 'Male', '105.33', '17.2', '15.5'),
(88, 'Dương Thị Nhật My', '2021-10-12', 'Male', '105.88', '17.38', '15.5'),
(89, 'Dương Thị Trinh', '2021-11-01', 'Male', '106.43', '17.56', '15.5'),
(90, 'Dương Trọng Minh', '2021-12-24', 'Male', '106.99', '17.74', '15.5'),
(91, 'Dương Xuân Minh', '2020-01-03', 'Male', '107.53', '17.93', '15.5'),
(92, 'Dương Xuân Trọng Nhã', '2020-02-25', 'Male', '108.08', '18.11', '15.51'),
(93, 'Dương Xuân Trọng Thiện', '2020-03-09', 'Male', '108.63', '18.3', '15.51'),
(94, 'Dương Xuân Vinh', '2020-04-22', 'Male', '109.18', '18.49', '15.51'),
(95, 'Hoàng Hữu Bảo', '2020-05-15', 'Male', '109.72', '18.67', '15.51'),
(96, 'Hoàng Hữu Nhật Long', '2020-06-28', 'Male', '110.26', '18.86', '15.51'),
(97, 'Hoàng Khánh Trọng Trang', '2020-07-01', 'Male', '110.81', '19.05', '15.52'),
(98, 'Hoàng Kim Trinh', '2020-08-17', 'Male', '111.35', '19.24', '15.52'),
(99, 'Hoàng Minh Huy', '2020-09-07', 'Male', '111.89', '19.43', '15.52'),
(100, 'Hoàng Minh Kim Hùng', '2020-10-30', 'Male', '112.43', '19.62', '15.52'),
(101, 'Hoàng Minh Minh Xuân', '2020-11-19', 'Male', '112.97', '19.81', '15.52'),
(102, 'Hoàng Minh Thành Tiến', '2020-12-11', 'Male', '113.51', '20', '15.53'),
(103, 'Hoàng Minh Trang', '2019-01-29', 'Male', '114.05', '20.2', '15.53'),
(104, 'Hoàng Ngọc Quang', '2019-02-05', 'Male', '114.59', '20.39', '15.53'),
(105, 'Hoàng Ngọc Sơn', '2019-03-21', 'Male', '115.12', '20.58', '15.53'),
(106, 'Hoàng Ngọc Thùy Nghĩa', '2019-04-04', 'Male', '115.66', '20.78', '15.53'),
(107, 'Hoàng Ngọc Văn Trinh', '2019-05-20', 'Male', '116.2', '20.97', '15.53'),
(108, 'Hoàng Nhật Minh', '2019-06-13', 'Male', '116.73', '21.17', '15.53'),
(109, 'Hoàng Nhật Vinh', '2019-07-29', 'Male', '117.27', '21.36', '15.54'),
(110, 'Hoàng Phúc Nhã', '2019-08-12', 'Male', '117.8', '21.56', '15.54'),
(111, 'Hoàng Thanh Thùy', '2019-09-01', 'Male', '118.33', '21.76', '15.54'),
(112, 'Hoàng Thanh Thùy Trí', '2019-10-28', 'Male', '118.87', '21.96', '15.54'),
(113, 'Hoàng Thiên Xuân Ngân', '2019-11-11', 'Male', '119.4', '22.16', '15.54'),
(114, 'Hoàng Thành Thành Thiện', '2019-12-17', 'Male', '119.93', '22.36', '15.54'),
(115, 'Hoàng Thành Tấn Quang', '2018-01-11', 'Male', '120.46', '22.56', '15.55'),
(116, 'Hoàng Thành Việt', '2018-02-28', 'Male', '120.98', '22.76', '15.55'),
(117, 'Hoàng Thị Nhật Phong', '2018-03-01', 'Male', '121.51', '22.96', '15.55'),
(118, 'Hoàng Trung Long', '2018-04-14', 'Male', '122.03', '23.17', '15.56'),
(119, 'Hoàng Trung Trọng Sơn', '2018-05-07', 'Male', '122.55', '23.37', '15.56'),
(120, 'Hoàng Trọng Long', '2018-06-23', 'Male', '123.07', '23.58', '15.57'),
(121, 'Hoàng Tấn Minh Nam', '2018-07-06', 'Male', '123.59', '23.79', '15.58'),
(122, 'Hoàng Tấn Văn Quang', '2018-08-22', 'Male', '124.1', '24', '15.58'),
(123, 'Hoàng Văn Khôi', '2018-09-15', 'Male', '124.62', '24.21', '15.59'),
(124, 'Hoàng Văn Nam', '2018-10-05', 'Male', '125.13', '24.43', '15.6'),
(125, 'Hoàng Đức Nhi', '2018-11-21', 'Male', '125.63', '24.64', '15.61'),
(126, 'Hoàng Đức Phúc Nhã', '2018-12-01', 'Male', '126.14', '24.86', '15.62'),
(127, 'Huỳnh Hữu Tuấn', '2017-01-19', 'Male', '126.64', '25.08', '15.64'),
(128, 'Huỳnh Khánh Hùng', '2017-02-08', 'Male', '127.14', '25.3', '15.65'),
(129, 'Huỳnh Khánh Thùy Phong', '2017-03-25', 'Male', '127.63', '25.53', '15.67'),
(130, 'Huỳnh Khánh Trang', '2017-04-08', 'Male', '128.12', '25.75', '15.69'),
(131, 'Huỳnh Kim Lâm', '2017-05-24', 'Male', '128.61', '25.98', '15.71'),
(132, 'Huỳnh Nhật Cường', '2017-06-17', 'Male', '129.1', '26.21', '15.73'),
(133, 'Huỳnh Quốc Ngọc Long', '2017-07-31', 'Male', '129.58', '26.45', '15.75'),
(134, 'Huỳnh Thanh Bảo', '2017-08-14', 'Male', '130.06', '26.68', '15.78'),
(135, 'Huỳnh Thanh Tuấn', '2017-09-03', 'Male', '130.53', '26.92', '15.8'),
(136, 'Huỳnh Thanh Đức Nam', '2017-10-20', 'Male', '131', '27.16', '15.83'),
(137, 'Huỳnh Thiên Toàn', '2017-11-03', 'Male', '131.46', '27.41', '15.86'),
(138, 'Huỳnh Thành Giang', '2017-12-27', 'Male', '131.93', '27.66', '15.89'),
(139, 'Huỳnh Thành Thị Tuấn', '2016-01-05', 'Male', '132.38', '27.91', '15.92'),
(140, 'Huỳnh Thùy Nhật Khang', '2016-02-29', 'Male', '132.84', '28.16', '15.96'),
(141, 'Huỳnh Thị Lan', '2016-03-13', 'Male', '133.29', '28.42', '16'),
(142, 'Huỳnh Văn Nhã', '2016-04-26', 'Male', '133.73', '28.68', '16.04'),
(143, 'Huỳnh Xuân Hiếu', '2016-05-19', 'Male', '134.18', '28.95', '16.08'),
(144, 'Huỳnh Đức Thùy Khang', '2016-06-02', 'Male', '134.62', '29.21', '16.12'),
(145, 'Huỳnh Đức Văn Trang', '2016-07-18', 'Male', '135.05', '29.48', '16.17'),
(146, 'Hồ Khánh Thanh Trang', '2016-08-04', 'Male', '135.48', '29.76', '16.21'),
(147, 'Hồ Khánh Tiến', '2016-09-26', 'Male', '135.91', '30.04', '16.26'),
(148, 'Hồ Ngọc Vinh', '2016-10-09', 'Male', '136.33', '30.32', '16.31'),
(149, 'Hồ Nhật Phúc Long', '2016-11-25', 'Male', '136.76', '30.6', '16.36'),
(150, 'Hồ Nhật Thùy Thiện', '2016-12-14', 'Male', '137.17', '30.89', '16.42'),
(151, 'Hồ Thanh Minh', '2015-01-23', 'Male', '137.59', '31.19', '16.47'),
(152, 'Hồ Thanh Tuấn', '2015-02-12', 'Male', '138', '31.48', '16.53'),
(153, 'Hồ Thanh Vinh', '2015-03-29', 'Male', '138.41', '31.78', '16.59'),
(154, 'Hồ Thành Nhi', '2015-04-12', 'Male', '138.82', '32.09', '16.65'),
(155, 'Hồ Thùy Đức Phong', '2015-05-28', 'Male', '139.23', '32.4', '16.71'),
(156, 'Hồ Thị Thành Thảo', '2015-06-21', 'Male', '139.64', '32.71', '16.78'),
(157, 'Hồ Trung Vy', '2015-07-04', 'Male', '140.04', '33.03', '16.84'),
(158, 'Hồ Trọng Văn Lan', '2015-08-20', 'Male', '140.45', '33.35', '16.91'),
(159, 'Hồ Văn Thị Lan', '2015-09-09', 'Male', '140.85', '33.67', '16.97'),
(160, 'Hồ Văn Tuấn', '2015-10-26', 'Male', '141.26', '34', '17.04'),
(161, 'Hồ Đức Ngọc Nhi', '2015-11-09', 'Male', '141.66', '34.34', '17.11'),
(162, 'Hồ Đức Thanh Hòa', '2015-12-30', 'Male', '142.07', '34.68', '17.18'),
(163, 'Hồ Đức Toàn', '2014-01-06', 'Male', '142.48', '35.02', '17.25'),
(164, 'Hồ Đức Tú', '2014-02-27', 'Male', '142.89', '35.37', '17.32'),
(165, 'Lâm Khánh Lâm', '2014-03-10', 'Male', '143.31', '35.72', '17.39'),
(166, 'Lâm Khánh Nam', '2014-04-23', 'Male', '143.73', '36.07', '17.46'),
(167, 'Lâm Kim Thùy', '2014-05-16', 'Male', '144.15', '36.43', '17.53'),
(168, 'Lâm Kim Trang', '2014-06-09', 'Male', '144.58', '36.8', '17.6'),
(169, 'Lâm Minh Nhi', '2014-07-25', 'Male', '145.02', '37.17', '17.67'),
(170, 'Lâm Phúc Ngọc Khang', '2014-08-11', 'Male', '145.46', '37.54', '17.74'),
(171, 'Lâm Phúc Văn Long', '2014-09-28', 'Male', '145.91', '37.92', '17.81'),
(172, 'Lâm Quốc Gia Khôi', '2014-10-11', 'Male', '146.37', '38.3', '17.88'),
(173, 'Lâm Quốc Nhi', '2014-11-21', 'Male', '146.83', '38.68', '17.94'),
(174, 'Lâm Thiên Thị Nghĩa', '2014-12-04', 'Male', '147.31', '39.07', '18.01'),
(175, 'Lâm Thành Đạt', '2013-01-14', 'Male', '147.79', '39.47', '18.07'),
(176, 'Lâm Thùy Hùng', '2013-02-03', 'Male', '148.29', '39.87', '18.13'),
(177, 'Lâm Thùy Lan', '2013-03-20', 'Male', '148.79', '40.27', '18.19'),
(178, 'Lâm Thị Kim Phong', '2013-04-03', 'Male', '149.31', '40.67', '18.25'),
(179, 'Lâm Trung Tuấn', '2013-05-19', 'Male', '149.84', '41.08', '18.3'),
(180, 'Lâm Trọng Cường', '2013-06-12', 'Male', '150.38', '41.5', '18.35'),
(181, 'Lâm Trọng Dũng', '2013-07-28', 'Male', '150.93', '41.92', '18.4'),
(182, 'Lâm Trọng Trang', '2013-08-15', 'Male', '151.5', '42.34', '18.45'),
(183, 'Lâm Tấn Phong', '2013-09-05', 'Male', '152.07', '42.76', '18.49'),
(184, 'Lâm Văn Hiếu', '2013-10-21', 'Male', '152.66', '43.19', '18.53'),
(185, 'Lâm Xuân Khánh Trang', '2013-11-04', 'Male', '153.26', '43.62', '18.57'),
(186, 'Lâm Xuân Trung Anh', '2013-12-31', 'Male', '153.87', '44.05', '18.61'),
(187, 'Lâm Xuân Trọng Dũng', '2012-01-09', 'Male', '154.5', '44.49', '18.64'),
(188, 'Lâm Đức Thị Nam', '2012-02-29', 'Male', '155.13', '44.93', '18.67'),
(189, 'Lê Gia Hữu Duy', '2012-03-14', 'Male', '155.76', '45.37', '18.7'),
(190, 'Lê Gia Thị Toàn', '2012-04-27', 'Male', '156.41', '45.81', '18.73'),
(191, 'Lê Hữu Hòa', '2012-05-20', 'Male', '157.06', '46.26', '18.75'),
(192, 'Lê Kim Minh Quang', '2012-06-03', 'Male', '157.72', '46.71', '18.78'),
(193, 'Lê Ngọc Thảo', '2012-07-19', 'Male', '158.38', '47.16', '18.8'),
(194, 'Lê Nhật Toàn', '2012-08-05', 'Male', '159.03', '47.61', '18.82'),
(195, 'Lê Quốc Phong', '2012-09-27', 'Male', '159.69', '48.06', '18.85'),
(196, 'Lê Thanh Thành Lan', '2012-10-10', 'Male', '160.35', '48.51', '18.87'),
(197, 'Lê Thiên Hòa', '2012-11-26', 'Male', '161', '48.96', '18.89'),
(198, 'Lê Thành Gia Linh', '2012-12-06', 'Male', '161.65', '49.42', '18.91'),
(199, 'Lê Thành Xuân An', '2011-01-24', 'Male', '162.29', '49.87', '18.94'),
(200, 'Lê Thị Nghĩa', '2011-02-13', 'Male', '162.92', '50.33', '18.96'),
(201, 'Lê Thị Thùy', '2011-03-30', 'Male', '163.54', '50.78', '18.99'),
(202, 'Lê Trung Thanh Tuấn', '2011-04-13', 'Male', '164.14', '51.23', '19.01'),
(203, 'Lê Trọng Phong', '2011-05-06', 'Male', '164.74', '51.68', '19.04'),
(204, 'Lê Tấn Hữu Lan', '2011-06-22', 'Male', '165.31', '52.13', '19.08'),
(205, 'Lê Tấn Minh Thắng', '2011-07-05', 'Male', '165.88', '52.58', '19.11'),
(206, 'Lê Văn Gia Bình', '2011-08-21', 'Male', '166.42', '53.03', '19.15'),
(207, 'Lê Văn Nhật Hoàng', '2011-09-08', 'Male', '166.95', '53.47', '19.18'),
(208, 'Lê Văn Phong', '2011-10-25', 'Male', '167.46', '53.91', '19.22'),
(209, 'Lê Xuân Gia Hòa', '2011-11-08', 'Male', '167.96', '54.35', '19.27'),
(210, 'Lê Xuân Hữu Bảo', '2011-12-18', 'Male', '168.43', '54.79', '19.31'),
(211, 'Lê Xuân Tuấn', '2010-01-01', 'Male', '168.89', '55.22', '19.36'),
(212, 'Lê Xuân Văn Thiện', '2010-02-22', 'Male', '169.32', '55.65', '19.41'),
(213, 'Lê Đức Lâm', '2010-03-06', 'Male', '169.74', '56.07', '19.46'),
(214, 'Lê Đức Đức An', '2010-04-19', 'Male', '170.14', '56.49', '19.52'),
(215, 'Lý Hữu Huy', '2010-05-28', 'Male', '170.52', '56.91', '19.57'),
(216, 'Lý Hữu Thị Vy', '2010-06-11', 'Male', '170.88', '57.32', '19.63'),
(217, 'Lý Khánh Thiên Đạt', '2010-07-04', 'Male', '171.23', '57.72', '19.69'),
(218, 'Lý Kim Lan', '2010-08-20', 'Male', '171.55', '58.12', '19.75'),
(219, 'Lý Kim Ngân', '2010-09-07', 'Male', '171.86', '58.51', '19.81'),
(220, 'Lý Kim Tấn Đạt', '2010-10-24', 'Male', '172.16', '58.9', '19.87'),
(221, 'Lý Minh Thiện', '2010-11-07', 'Male', '172.43', '59.28', '19.94'),
(222, 'Lý Nhật Lâm', '2010-12-31', 'Male', '172.7', '59.66', '20'),
(223, 'Lý Phúc Quốc Lâm', '2009-01-12', 'Male', '172.95', '60.03', '20.07'),
(224, 'Lý Quốc Hữu Quang', '2009-02-01', 'Male', '173.18', '60.39', '20.14'),
(225, 'Lý Thanh Khánh Vinh', '2009-03-18', 'Male', '173.4', '60.75', '20.2'),
(226, 'Lý Thanh Trí', '2009-04-01', 'Male', '173.61', '61.1', '20.27'),
(227, 'Lý Thiên Minh Nhi', '2009-05-17', 'Male', '173.81', '61.44', '20.34'),
(228, 'Lý Thùy Lan', '2009-06-10', 'Male', '173.99', '61.77', '20.4'),
(229, 'Lý Thùy Nhi', '2009-07-26', 'Male', '174.17', '62.1', '20.47'),
(230, 'Lý Thị Huy', '2009-08-09', 'Male', '174.33', '62.42', '20.54'),
(231, 'Lý Thị Linh', '2009-09-25', 'Male', '174.49', '62.73', '20.6'),
(232, 'Lý Trọng Thiên Nhi', '2009-10-08', 'Male', '174.63', '63.03', '20.67'),
(233, 'Lý Tấn Hữu Nhã', '2009-11-24', 'Male', '174.77', '63.33', '20.73'),
(234, 'Lý Tấn Nhật Bảo', '2009-12-04', 'Male', '174.9', '63.62', '20.8'),
(235, 'Lý Tấn Nhật Sơn', '2008-01-21', 'Male', '175.02', '63.9', '20.86'),
(236, 'Lý Tấn Tấn Linh', '2008-02-29', 'Male', '175.13', '64.17', '20.92'),
(237, 'Mai Hữu Anh', '2008-03-02', 'Male', '175.24', '64.44', '20.98'),
(238, 'Mai Khánh Thành Nghĩa', '2008-04-15', 'Male', '175.34', '64.7', '21.04'),
(239, 'Mai Khánh Trọng Long', '2008-05-08', 'Male', '175.44', '64.95', '21.1'),
(240, 'Mai Minh Thiên Đạt', '2008-06-24', 'Male', '175.53', '65.2', '21.16'),
(241, 'Mai Ngọc Dũng', '2008-07-07', 'Male', '175.61', '65.43', '21.22'),
(242, 'Mai Nhật Mai', '2008-08-23', 'Male', '175.69', '65.67', '21.27'),
(243, 'Mai Nhật Nhã', '2008-09-16', 'Male', '175.77', '65.89', '21.33'),
(244, 'Mai Nhật Nhật Hòa', '2008-10-06', 'Male', '175.84', '66.11', '21.38'),
(245, 'Mai Nhật Trí', '2008-11-22', 'Male', '175.9', '66.32', '21.43'),
(246, 'Mai Phúc Gia Vy', '2008-12-02', 'Male', '175.97', '66.52', '21.48'),
(247, 'Mai Phúc Hoàng', '2007-01-09', 'Male', '176.03', '66.72', '21.53'),
(248, 'Mai Phúc Trinh', '2007-02-26', 'Male', '176.08', '66.92', '21.58'),
(249, 'Mai Thanh Kim Ngân', '2007-03-10', 'Male', '176.13', '67.11', '21.63'),
(250, 'Mai Thanh Trí', '2007-04-23', 'Male', '176.19', '67.29', '21.68'),
(251, 'Mai Thiên Gia Xuân', '2007-05-16', 'Male', '176.23', '67.47', '21.72'),
(252, 'Mai Thiên Quang', '2007-06-29', 'Male', '176.28', '67.64', '21.77'),
(253, 'Mai Thùy Thị Khang', '2007-07-12', 'Male', '176.32', '67.81', '21.81'),
(254, 'Mai Thị Huy', '2007-08-28', 'Male', '176.36', '67.98', '21.86'),
(255, 'Mai Trung Hữu Khôi', '2007-09-11', 'Male', '176.4', '68.14', '21.9'),
(256, 'Mai Trọng Bình', '2007-10-28', 'Male', '176.44', '68.3', '21.94'),
(257, 'Mai Tấn Long', '2007-11-11', 'Male', '176.47', '68.46', '21.98'),
(57, 'Mai Tấn Thùy Hạnh', '2007-12-31', 'Male', '176.5', '68.61', '22.02'),
(58, 'Mai Xuân Cường', '2006-01-17', 'Male', '176.53', '68.76', '22.06'),
(59, 'Mai Xuân Vy', '2006-02-06', 'Male', '176.56', '68.91', '22.1'),
(60, 'Nguyễn Gia Minh Vy', '2006-03-23', 'Male', '176.59', '69.05', '22.14'),
(61, 'Nguyễn Gia Văn Nhi', '2006-04-06', 'Male', '176.62', '69.19', '22.18'),
(62, 'Nguyễn Gia Đạt', '2006-05-22', 'Male', '176.64', '69.34', '22.22'),
(63, 'Nguyễn Hữu Thanh Tài', '2006-06-15', 'Male', '176.67', '69.47', '22.26'),
(64, 'Nguyễn Hữu Trinh', '2006-07-08', 'Male', '176.69', '69.61', '22.3'),
(65, 'Nguyễn Khánh Hoàng', '2006-08-24', 'Male', '176.71', '69.74', '22.33'),
(66, 'Nguyễn Khánh Thùy Tiến', '2006-09-07', 'Male', '176.73', '69.87', '22.37'),
(67, 'Nguyễn Kim Trinh', '2006-10-24', 'Male', '176.75', '70', '22.41'),
(68, 'Nguyễn Minh Vy', '2006-11-07', 'Male', '176.77', '70.12', '22.44'),
(69, 'Nguyễn Ngọc Lan', '2006-12-31', 'Male', '176.79', '70.24', '22.47'),
(70, 'Nguyễn Ngọc Văn Khoa', '2005-01-02', 'Male', '176.81', '70.35', '22.5'),
(71, 'Nguyễn Nhật Tú', '2005-02-23', 'Male', '176.83', '70.46', '22.53'),
(72, 'Nguyễn Quốc Hoàng', '2005-03-09', 'Male', '176.84', '70.55', '22.56'),
(73, 'Nguyễn Thành Thiên Xuân', '2005-04-22', 'Male', '176.85', '70.6', '22.57'),
(74, 'Nguyễn Thành Tài', '2023-03-19', 'Female', '84.98', '12.06', '16.69'),
(75, 'Nguyễn Thùy Minh Khang', '2023-04-02', 'Female', '85.4', '12.13', '16.64'),
(76, 'Nguyễn Thị Hữu Minh', '2023-05-11', 'Female', '86.29', '12.29', '16.51'),
(77, 'Nguyễn Thị Xuân', '2023-06-25', 'Female', '87.16', '12.44', '16.38'),
(78, 'Nguyễn Trung Xuân Tuấn', '2023-07-18', 'Female', '88', '12.6', '16.27'),
(79, 'Nguyễn Trọng Thành Tú', '2023-08-05', 'Female', '88.81', '12.75', '16.16'),
(80, 'Nguyễn Trọng Vy', '2023-09-21', 'Female', '89.58', '12.9', '16.07'),
(81, 'Nguyễn Trọng Văn Nhân', '2023-10-04', 'Female', '90.33', '13.04', '15.98'),
(82, 'Nguyễn Văn Hữu Nhã', '2023-11-17', 'Female', '91.05', '13.19', '15.91'),
(83, 'Nguyễn Xuân Nam', '2023-12-10', 'Female', '91.74', '13.34', '15.85'),
(84, 'Nguyễn Xuân Xuân Khang', '2022-01-15', 'Female', '92.4', '13.49', '15.8'),
(85, 'Ngô Gia Anh', '2022-02-08', 'Female', '93.03', '13.64', '15.76'),
(86, 'Ngô Gia Sơn', '2022-03-22', 'Female', '93.63', '13.79', '15.73'),
(87, 'Ngô Khánh Thành Lâm', '2022-04-05', 'Female', '94.21', '13.94', '15.71'),
(88, 'Ngô Khánh Tú', '2022-05-21', 'Female', '94.8', '14.09', '15.68'),
(89, 'Ngô Khánh Đạt', '2022-06-14', 'Female', '95.37', '14.25', '15.66'),
(90, 'Ngô Kim Thùy Việt', '2022-07-30', 'Female', '95.95', '14.4', '15.65'),
(91, 'Ngô Kim Xuân', '2022-08-13', 'Female', '96.52', '14.56', '15.63'),
(92, 'Ngô Minh Vinh', '2022-09-02', 'Female', '97.08', '14.72', '15.62'),
(93, 'Ngô Nhật Đức Linh', '2022-10-19', 'Female', '97.65', '14.88', '15.61'),
(94, 'Ngô Phúc Phúc Tuấn', '2022-11-09', 'Female', '98.21', '15.04', '15.6'),
(95, 'Ngô Thanh Đức Nghĩa', '2022-12-25', 'Female', '98.78', '15.21', '15.59'),
(96, 'Ngô Thiên Trọng Tú', '2021-01-03', 'Female', '99.34', '15.37', '15.58'),
(97, 'Ngô Thùy Thanh Ngân', '2021-02-28', 'Female', '99.9', '15.54', '15.57'),
(98, 'Ngô Thị Trọng Xuân', '2021-03-11', 'Female', '100.47', '15.71', '15.56'),
(99, 'Ngô Trung Quang', '2021-04-24', 'Female', '101.03', '15.88', '15.55'),
(100, 'Ngô Trọng Giang', '2021-05-07', 'Female', '101.6', '16.05', '15.55'),
(101, 'Ngô Tấn Hòa', '2021-06-20', 'Female', '102.17', '16.22', '15.54'),
(102, 'Ngô Đức Đạt', '2021-07-03', 'Female', '102.74', '16.4', '15.53'),
(103, 'Phan Gia Minh Nam', '2021-08-16', 'Female', '103.31', '16.57', '15.53'),
(104, 'Phan Gia Thùy Khang', '2021-09-05', 'Female', '103.89', '16.75', '15.52'),
(105, 'Phan Khánh Sơn', '2021-10-22', 'Female', '104.46', '16.93', '15.51'),
(106, 'Phan Khánh Trang', '2021-11-15', 'Female', '105.04', '17.11', '15.51'),
(107, 'Phan Kim Linh', '2021-12-01', 'Female', '105.62', '17.29', '15.5'),
(108, 'Phan Kim Trọng Sơn', '2020-01-19', 'Female', '106.2', '17.47', '15.49'),
(109, 'Phan Kim Trọng Tuấn', '2020-02-12', 'Female', '106.79', '17.65', '15.48'),
(110, 'Phan Ngọc Minh', '2020-03-28', 'Female', '107.37', '17.84', '15.47'),
(111, 'Phan Nhật Thành Hùng', '2020-04-11', 'Female', '107.96', '18.02', '15.46'),
(112, 'Phan Quốc Trọng Thắng', '2020-05-04', 'Female', '108.54', '18.21', '15.46'),
(113, 'Phan Quốc Đức Ngân', '2020-06-20', 'Female', '109.13', '18.4', '15.45'),
(114, 'Phan Thành Phong', '2020-07-14', 'Female', '109.72', '18.59', '15.44'),
(115, 'Phan Thành Thị Minh', '2020-08-01', 'Female', '110.31', '18.78', '15.43'),
(116, 'Phan Thùy Nghĩa', '2020-09-23', 'Female', '110.9', '18.97', '15.42'),
(117, 'Phan Thùy Thị Mai', '2020-10-16', 'Female', '111.49', '19.16', '15.41'),
(118, 'Phan Thị Khánh Nam', '2020-11-29', 'Female', '112.08', '19.35', '15.41'),
(119, 'Phan Trung Xuân Xuân', '2020-12-05', 'Female', '112.66', '19.55', '15.4'),
(120, 'Phan Tấn Việt', '2019-01-07', 'Female', '113.25', '19.74', '15.39'),
(121, 'Phan Văn Hoàng', '2019-02-25', 'Female', '113.84', '19.94', '15.39'),
(122, 'Phan Văn Nhật Thảo', '2019-03-09', 'Female', '114.42', '20.14', '15.38'),
(123, 'Phan Văn Xuân Toàn', '2019-04-22', 'Female', '115.01', '20.34', '15.38'),
(124, 'Phan Đức Hữu Trang', '2019-05-15', 'Female', '115.59', '20.54', '15.37'),
(125, 'Phạm Kim Thùy Giang', '2019-06-28', 'Female', '116.16', '20.74', '15.37'),
(126, 'Phạm Ngọc Khánh Lâm', '2019-07-01', 'Female', '116.74', '20.94', '15.37'),
(127, 'Phạm Ngọc Ngân', '2019-08-17', 'Female', '117.31', '21.15', '15.37'),
(128, 'Phạm Nhật Hạnh', '2019-09-07', 'Female', '117.88', '21.36', '15.37'),
(129, 'Phạm Nhật Mai', '2019-10-30', 'Female', '118.45', '21.57', '15.37'),
(130, 'Phạm Phúc Thảo', '2019-11-19', 'Female', '119.01', '21.78', '15.38'),
(131, 'Phạm Thùy Thảo', '2019-12-11', 'Female', '119.57', '21.99', '15.38'),
(132, 'Phạm Thị Minh', '2018-01-25', 'Female', '120.13', '22.21', '15.39'),
(133, 'Phạm Trung Ngọc An', '2018-02-15', 'Female', '120.68', '22.43', '15.4'),
(134, 'Phạm Trọng Nghĩa', '2018-03-29', 'Female', '121.22', '22.65', '15.41'),
(135, 'Phạm Tấn Thanh Hiếu', '2018-04-12', 'Female', '121.76', '22.87', '15.42'),
(136, 'Phạm Tấn Xuân', '2018-05-28', 'Female', '122.3', '23.09', '15.44'),
(137, 'Phạm Xuân Sơn', '2018-06-11', 'Female', '122.83', '23.32', '15.46'),
(138, 'Phạm Xuân Thắng', '2018-07-27', 'Female', '123.35', '23.55', '15.48'),
(139, 'Phạm Đức Vinh', '2018-08-10', 'Female', '123.87', '23.78', '15.5'),
(140, 'Trần Gia Khánh Mai', '2018-09-26', 'Female', '124.39', '24.02', '15.52'),
(141, 'Trần Hữu Thanh Cường', '2018-10-09', 'Female', '124.9', '24.26', '15.55'),
(142, 'Trần Minh Minh', '2018-11-25', 'Female', '125.4', '24.5', '15.58'),
(143, 'Trần Minh Nghĩa', '2018-12-05', 'Female', '125.9', '24.74', '15.61'),
(144, 'Trần Minh Tuấn', '2017-01-02', 'Female', '126.39', '24.99', '15.65'),
(145, 'Trần Minh Đức Long', '2017-02-19', 'Female', '126.87', '25.24', '15.68'),
(146, 'Trần Ngọc Thị Trang', '2017-03-05', 'Female', '127.35', '25.5', '15.72'),
(147, 'Trần Nhật Duy', '2017-04-18', 'Female', '127.83', '25.76', '15.76'),
(148, 'Trần Phúc Linh', '2017-05-01', 'Female', '128.29', '26.02', '15.81'),
(149, 'Trần Phúc Thành Lâm', '2017-06-14', 'Female', '128.76', '26.28', '15.85'),
(150, 'Trần Quốc Thùy Đạt', '2017-07-30', 'Female', '129.22', '26.55', '15.9'),
(151, 'Trần Thanh Thùy', '2017-08-13', 'Female', '129.67', '26.83', '15.95'),
(152, 'Trần Thành Hữu Khôi', '2017-09-29', 'Female', '130.11', '27.1', '16.01'),
(153, 'Trần Thành My', '2017-10-12', 'Female', '130.56', '27.38', '16.06'),
(154, 'Trần Trọng Minh Khang', '2017-11-28', 'Female', '131', '27.67', '16.12'),
(155, 'Trần Tấn Quang', '2017-12-08', 'Female', '131.43', '27.95', '16.18'),
(156, 'Trần Văn Nhân', '2016-01-11', 'Female', '131.86', '28.25', '16.25'),
(157, 'Trần Xuân Thùy Lan', '2016-02-01', 'Female', '132.29', '28.54', '16.31'),
(158, 'Trịnh Gia Hiếu', '2016-03-18', 'Female', '132.71', '28.84', '16.38'),
(159, 'Trịnh Gia Khôi', '2016-04-01', 'Female', '133.13', '29.14', '16.44'),
(160, 'Trịnh Hữu Vinh', '2016-05-17', 'Female', '133.55', '29.45', '16.51'),
(161, 'Trịnh Khánh Hòa', '2016-06-10', 'Female', '133.97', '29.76', '16.58'),
(162, 'Trịnh Khánh Thiên Hòa', '2016-07-26', 'Female', '134.38', '30.07', '16.65'),
(163, 'Trịnh Khánh Thị Hoàng', '2016-08-09', 'Female', '134.8', '30.39', '16.73'),
(164, 'Trịnh Kim Đức Hạnh', '2016-09-25', 'Female', '135.22', '30.71', '16.8'),
(165, 'Trịnh Minh Cường', '2016-10-08', 'Female', '135.63', '31.04', '16.87'),
(166, 'Trịnh Minh Ngọc Thùy', '2016-11-21', 'Female', '136.05', '31.37', '16.95'),
(167, 'Trịnh Minh Sơn', '2016-12-04', 'Female', '136.48', '31.7', '17.02'),
(168, 'Trịnh Ngọc Kim Cường', '2015-01-29', 'Female', '136.9', '32.04', '17.09'),
(169, 'Trịnh Nhật Lan', '2015-02-05', 'Female', '137.33', '32.38', '17.17'),
(170, 'Trịnh Quốc Hòa', '2015-03-21', 'Female', '137.77', '32.72', '17.24'),
(171, 'Trịnh Thiên Hùng', '2015-04-04', 'Female', '138.21', '33.06', '17.31'),
(172, 'Trịnh Thiên Thành Nhân', '2015-05-20', 'Female', '138.66', '33.41', '17.38'),
(173, 'Trịnh Thiên Trọng Tuấn', '2015-06-13', 'Female', '139.12', '33.76', '17.45'),
(174, 'Trịnh Thành Xuân', '2015-07-29', 'Female', '139.58', '34.12', '17.51'),
(175, 'Trịnh Trọng Nhật Trí', '2015-08-12', 'Female', '140.06', '34.47', '17.57'),
(176, 'Trịnh Tấn Nghĩa', '2015-09-01', 'Female', '140.54', '34.83', '17.63'),
(177, 'Trịnh Tấn Thanh Nhã', '2015-10-28', 'Female', '141.04', '35.19', '17.69'),
(178, 'Trịnh Xuân Hùng', '2015-11-11', 'Female', '141.55', '35.55', '17.75'),
(179, 'Trịnh Đức Bảo', '2015-12-17', 'Female', '142.07', '35.92', '17.8'),
(180, 'Trịnh Đức Tuấn', '2014-01-16', 'Female', '142.6', '36.28', '17.84'),
(181, 'Võ Gia Tú', '2014-02-09', 'Female', '143.14', '36.65', '17.89'),
(182, 'Võ Hữu Thảo', '2014-03-23', 'Female', '143.69', '37.02', '17.93'),
(183, 'Võ Hữu Văn Việt', '2014-04-06', 'Female', '144.26', '37.39', '17.97'),
(184, 'Võ Khánh Đức Mai', '2014-05-22', 'Female', '144.84', '37.76', '18'),
(185, 'Võ Minh Bình', '2014-06-15', 'Female', '145.42', '38.13', '18.03'),
(186, 'Võ Ngọc Phong', '2014-07-29', 'Female', '146.02', '38.5', '18.06'),
(187, 'Võ Ngọc Xuân Vinh', '2014-08-12', 'Female', '146.62', '38.88', '18.08'),
(188, 'Võ Nhật Bình', '2014-09-01', 'Female', '147.23', '39.25', '18.11'),
(189, 'Võ Nhật Duy', '2014-10-19', 'Female', '147.84', '39.62', '18.13'),
(190, 'Võ Phúc Tú', '2014-11-02', 'Female', '148.46', '39.99', '18.14'),
(191, 'Võ Thanh Long', '2014-12-28', 'Female', '149.07', '40.36', '18.16'),
(192, 'Võ Thanh My', '2013-01-04', 'Female', '149.68', '40.73', '18.18'),
(193, 'Võ Thiên Thảo', '2013-02-25', 'Female', '150.29', '41.1', '18.19'),
(194, 'Võ Thiên Đức Thiện', '2013-03-11', 'Female', '150.89', '41.46', '18.21'),
(195, 'Võ Thùy Sơn', '2013-04-24', 'Female', '151.49', '41.83', '18.23'),
(196, 'Võ Thị Mai', '2013-05-07', 'Female', '152.07', '42.19', '18.24'),
(197, 'Võ Thị Nhã', '2013-06-23', 'Female', '152.64', '42.55', '18.26'),
(198, 'Võ Trọng Linh', '2013-07-06', 'Female', '153.19', '42.91', '18.28'),
(199, 'Võ Trọng Nhã', '2013-08-22', 'Female', '153.73', '43.26', '18.31'),
(200, 'Võ Trọng Trọng Linh', '2013-09-15', 'Female', '154.25', '43.62', '18.33'),
(201, 'Võ Đức Khánh Hùng', '2013-10-05', 'Female', '154.76', '43.97', '18.36'),
(202, 'Võ Đức Thùy An', '2013-11-21', 'Female', '155.24', '44.31', '18.39'),
(203, 'Vũ Gia Văn Dũng', '2013-12-01', 'Female', '155.7', '44.65', '18.42'),
(204, 'Vũ Kim An', '2012-01-21', 'Female', '156.14', '44.99', '18.45'),
(205, 'Vũ Ngọc Thanh Khang', '2012-02-12', 'Female', '156.56', '45.33', '18.49'),
(206, 'Vũ Nhật Long', '2012-03-28', 'Female', '156.96', '45.66', '18.53'),
(207, 'Vũ Phúc Xuân Đạt', '2012-04-11', 'Female', '157.34', '45.98', '18.57'),
(208, 'Vũ Thanh Phúc Dũng', '2012-05-04', 'Female', '157.7', '46.31', '18.62'),
(209, 'Vũ Thành Tiến', '2012-06-20', 'Female', '158.04', '46.62', '18.67'),
(210, 'Vũ Thùy Dũng', '2012-07-03', 'Female', '158.36', '46.93', '18.71'),
(211, 'Vũ Thùy Nhân', '2012-08-16', 'Female', '158.66', '47.24', '18.77'),
(212, 'Vũ Thùy Thùy Tiến', '2012-09-06', 'Female', '158.94', '47.54', '18.82'),
(213, 'Vũ Thùy Tấn Tú', '2012-10-23', 'Female', '159.21', '47.84', '18.87'),
(214, 'Vũ Thị Bình', '2012-11-06', 'Female', '159.46', '48.13', '18.93'),
(215, 'Vũ Thị Nam', '2012-12-30', 'Female', '159.69', '48.41', '18.98'),
(216, 'Vũ Trung Thiên Bảo', '2011-01-08', 'Female', '159.91', '48.69', '19.04'),
(217, 'Vũ Tấn My', '2011-02-26', 'Female', '160.11', '48.96', '19.1'),
(218, 'Vũ Văn Hòa', '2011-03-12', 'Female', '160.3', '49.23', '19.16'),
(219, 'Vũ Văn Hùng', '2011-04-25', 'Female', '160.48', '49.49', '19.22'),
(220, 'Vũ Xuân Thiên Nam', '2011-05-18', 'Female', '160.64', '49.75', '19.28'),
(221, 'Vũ Xuân Tấn Phong', '2011-06-01', 'Female', '160.8', '49.99', '19.34'),
(222, 'Vũ Đức Toàn', '2011-07-18', 'Female', '160.94', '50.24', '19.39'),
(223, 'Đinh Gia Nhã', '2011-08-04', 'Female', '161.08', '50.47', '19.45'),
(224, 'Đinh Kim Thùy', '2011-09-20', 'Female', '161.21', '50.7', '19.51'),
(225, 'Đinh Minh Lâm', '2011-10-03', 'Female', '161.33', '50.93', '19.57'),
(226, 'Đinh Ngọc Trang', '2011-11-19', 'Female', '161.44', '51.14', '19.62'),
(227, 'Đinh Phúc Nhật Tú', '2011-12-02', 'Female', '161.54', '51.35', '19.68'),
(228, 'Đinh Phúc Thảo', '2010-01-26', 'Female', '161.64', '51.56', '19.73'),
(229, 'Đinh Phúc Trí', '2010-02-15', 'Female', '161.73', '51.76', '19.79'),
(230, 'Đinh Phúc Đức An', '2010-03-29', 'Female', '161.82', '51.95', '19.84'),
(231, 'Đinh Quốc Khôi', '2010-04-12', 'Female', '161.9', '52.14', '19.89'),
(232, 'Đinh Thanh Kim Trinh', '2010-05-28', 'Female', '161.97', '52.32', '19.94'),
(233, 'Đinh Thanh Đạt', '2010-06-11', 'Female', '162.04', '52.49', '19.99'),
(234, 'Đinh Thiên Quốc Thiện', '2010-07-27', 'Female', '162.11', '52.66', '20.04'),
(235, 'Đinh Thành Tú', '2010-08-10', 'Female', '162.18', '52.82', '20.08'),
(236, 'Đinh Trung Hiếu', '2010-09-26', 'Female', '162.23', '52.98', '20.13'),
(237, 'Đinh Trọng Vy', '2010-10-09', 'Female', '162.29', '53.13', '20.17'),
(238, 'Đinh Trọng Văn Mai', '2010-11-25', 'Female', '162.34', '53.28', '20.22'),
(239, 'Đinh Tấn Anh', '2010-12-05', 'Female', '162.39', '53.42', '20.26'),
(240, 'Đinh Tấn Hữu An', '2009-01-04', 'Female', '162.44', '53.56', '20.3'),
(241, 'Đinh Tấn Trang', '2009-02-28', 'Female', '162.49', '53.69', '20.34'),
(242, 'Đinh Xuân Thành Giang', '2009-03-14', 'Female', '162.53', '53.82', '20.37'),
(243, 'Đinh Xuân Thảo', '2009-04-27', 'Female', '162.57', '53.95', '20.41'),
(244, 'Đinh Đức Dũng', '2009-05-20', 'Female', '162.61', '54.07', '20.45'),
(245, 'Đinh Đức Giang', '2009-06-03', 'Female', '162.64', '54.18', '20.48'),
(246, 'Đinh Đức Thanh Khoa', '2009-07-20', 'Female', '162.68', '54.29', '20.52'),
(247, 'Đinh Đức Xuân Hạnh', '2009-08-06', 'Female', '162.71', '54.4', '20.55'),
(248, 'Đặng Gia Lâm', '2009-09-22', 'Female', '162.74', '54.51', '20.58'),
(249, 'Đặng Khánh Phúc Nhân', '2009-10-05', 'Female', '162.77', '54.61', '20.61'),
(250, 'Đặng Khánh Xuân Hùng', '2009-11-18', 'Female', '162.8', '54.71', '20.64'),
(251, 'Đặng Kim Hiếu', '2009-12-28', 'Female', '162.83', '54.81', '20.67'),
(252, 'Đặng Phúc Hữu Vy', '2008-01-16', 'Female', '162.85', '54.91', '20.7'),
(253, 'Đặng Phúc Khánh Xuân', '2008-02-05', 'Female', '162.88', '55', '20.73'),
(254, 'Đặng Phúc Nhã', '2008-03-22', 'Female', '162.9', '55.09', '20.76'),
(255, 'Đặng Quốc Văn Hoàng', '2008-04-04', 'Female', '162.92', '55.18', '20.79'),
(256, 'Đặng Thanh Ngân', '2008-05-20', 'Female', '162.95', '55.27', '20.82'),
(257, 'Đặng Thiên Cường', '2008-06-13', 'Female', '162.97', '55.36', '20.84'),
(57, 'Đặng Thiên Đức Thùy', '2008-07-29', 'Female', '162.99', '55.45', '20.87'),
(58, 'Đặng Thành Hữu Cường', '2008-08-12', 'Female', '163', '55.53', '20.9'),
(59, 'Đặng Thùy Hoàng', '2008-09-01', 'Female', '163.02', '55.62', '20.93'),
(60, 'Đặng Thùy Phúc Nam', '2008-10-19', 'Female', '163.04', '55.71', '20.96'),
(61, 'Đặng Thị Minh Tài', '2008-11-02', 'Female', '163.06', '55.79', '20.98'),
(62, 'Đặng Thị Thùy', '2008-12-28', 'Female', '163.07', '55.88', '21.01'),
(63, 'Đặng Tấn Thiện', '2007-01-01', 'Female', '163.09', '55.97', '21.04'),
(64, 'Đặng Tấn Việt', '2007-02-22', 'Female', '163.1', '56.05', '21.07'),
(65, 'Đặng Tấn Vy', '2007-03-08', 'Female', '163.12', '56.14', '21.1'),
(66, 'Đặng Văn Lâm', '2007-04-21', 'Female', '163.13', '56.23', '21.13'),
(67, 'Đặng Xuân Phúc Sơn', '2007-05-04', 'Female', '163.14', '56.32', '21.16'),
(68, 'Đỗ Gia Gia Lan', '2007-06-20', 'Female', '163.16', '56.41', '21.19'),
(69, 'Đỗ Gia Ngân', '2007-07-03', 'Female', '163.17', '56.5', '21.22'),
(70, 'Đỗ Gia Tấn Bình', '2007-08-19', 'Female', '163.18', '56.59', '21.25'),
(71, 'Đỗ Hữu Xuân Việt', '2007-09-05', 'Female', '163.19', '56.69', '21.29'),
(72, 'Đỗ Kim Khang', '2007-10-22', 'Female', '163.2', '56.78', '21.32'),
(73, 'Đỗ Kim Trang', '2007-11-05', 'Female', '163.21', '56.87', '21.35'),
(74, 'Đỗ Minh Phong', '2007-12-25', 'Female', '163.22', '56.97', '21.38'),
(75, 'Đỗ Phúc Lâm', '2006-01-23', 'Female', '163.23', '57.07', '21.42'),
(76, 'Đỗ Quốc Gia Nghĩa', '2006-02-12', 'Female', '163.24', '57.16', '21.45'),
(77, 'Đỗ Quốc Thị Lan', '2006-03-29', 'Female', '163.25', '57.26', '21.48'),
(78, 'Đỗ Thành Gia Bảo', '2006-04-12', 'Female', '163.26', '57.35', '21.52'),
(79, 'Đỗ Thành Giang', '2006-05-28', 'Female', '163.27', '57.45', '21.55'),
(80, 'Đỗ Thành Khánh Nam', '2006-06-21', 'Female', '163.28', '57.54', '21.58'),
(81, 'Đỗ Thị Khôi', '2006-07-04', 'Female', '163.28', '57.63', '21.62'),
(82, 'Đỗ Trung Hạnh', '2006-08-20', 'Female', '163.29', '57.72', '21.65'),
(83, 'Đỗ Trọng Trọng Nam', '2006-09-09', 'Female', '163.3', '57.8', '21.68'),
(84, 'Đỗ Tấn Xuân', '2006-10-26', 'Female', '163.3', '57.88', '21.7'),
(85, 'Đỗ Văn Trinh', '2006-11-09', 'Female', '163.31', '57.96', '21.73'),
(86, 'Đỗ Xuân Xuân Việt', '2006-12-30', 'Female', '163.32', '58.03', '21.76'),
(87, 'Đỗ Đức Hoàng', '2005-01-08', 'Female', '163.32', '58.09', '21.78'),
(88, 'Đỗ Đức Hòa', '2005-02-01', 'Female', '163.33', '58.15', '21.8'),
(89, 'Đỗ Đức Trọng Tú', '2005-03-18', 'Female', '163.34', '58.2', '21.81'),
(90, 'Đỗ Đức Xuân Xuân', '2005-04-01', 'Female', '163.34', '58.22', '21.82');


-- BẢNG 3: Memberships - Quản lý gói thành viên & thanh toán
INSERT INTO Memberships (UserID, MembershipType, Price, StartDate, EndDate, PaymentMethod, TransactionStatus)
VALUES 
(57, 'Premium', 300000.00, '2022-05-15', '2022-06-14', 'Momo', 'Success'),
(58, 'Basic', 150000.00, '2023-07-10', '2023-08-09', 'Banking', 'Success'),
(59, 'Premium', 300000.00, '2024-03-22', '2024-04-21', 'Cash', 'Success'),
(60, 'Basic', 150000.00, '2022-11-05', '2022-12-05', 'Momo', 'Success'),
(61, 'Premium', 300000.00, '2023-09-17', '2023-10-17', 'Banking', 'Failed'),
(62, 'Basic', 150000.00, '2024-01-12', '2024-02-11', 'Cash', 'Success'),
(63, 'Premium', 300000.00, '2022-08-25', '2022-09-24', 'Momo', 'Success'),
(64, 'Basic', 150000.00, '2023-02-14', '2023-03-16', 'Banking', 'Success'),
(65, 'Premium', 300000.00, '2024-06-30', '2024-07-30', 'Cash', 'Success'),
(66, 'Basic', 150000.00, '2022-12-03', '2023-01-02', 'Momo', 'Success'),
(67, 'Premium', 300000.00, '2023-04-18', '2023-05-18', 'Banking', 'Success'),
(68, 'Basic', 150000.00, '2022-06-09', '2022-07-09', 'Cash', 'Success'),
(69, 'Premium', 300000.00, '2024-09-15', '2024-10-15', 'Momo', 'Success'),
(70, 'Basic', 150000.00, '2023-10-27', '2023-11-26', 'Banking', 'Success'),
(71, 'Premium', 300000.00, '2022-03-20', '2022-04-19', 'Cash', 'Failed'),
(72, 'Basic', 150000.00, '2024-05-08', '2024-06-07', 'Momo', 'Success'),
(73, 'Premium', 300000.00, '2023-01-25', '2023-02-24', 'Banking', 'Success'),
(74, 'Basic', 150000.00, '2022-07-14', '2022-08-13', 'Cash', 'Success'),
(75, 'Premium', 300000.00, '2024-02-19', '2024-03-20', 'Momo', 'Success'),
(76, 'Basic', 150000.00, '2023-08-30', '2023-09-29', 'Banking', 'Success'),
(77, 'Premium', 300000.00, '2022-04-10', '2022-05-10', 'Cash', 'Success'),
(78, 'Basic', 150000.00, '2023-11-15', '2023-12-15', 'Momo', 'Success'),
(79, 'Premium', 300000.00, '2024-07-22', '2024-08-21', 'Banking', 'Failed'),
(80, 'Basic', 150000.00, '2022-09-05', '2022-10-05', 'Cash', 'Success'),
(81, 'Premium', 300000.00, '2023-06-12', '2023-07-12', 'Momo', 'Success'),
(82, 'Basic', 150000.00, '2024-03-01', '2024-03-31', 'Banking', 'Success'),
(83, 'Premium', 300000.00, '2022-10-20', '2022-11-19', 'Cash', 'Success'),
(84, 'Basic', 150000.00, '2023-05-25', '2023-06-24', 'Momo', 'Success'),
(85, 'Premium', 300000.00, '2024-08-15', '2024-09-14', 'Banking', 'Success'),
(86, 'Basic', 150000.00, '2022-02-28', '2022-03-30', 'Cash', 'Success'),
(87, 'Premium', 300000.00, '2023-12-10', '2024-01-09', 'Momo', 'Failed'),
(88, 'Basic', 150000.00, '2024-04-05', '2024-05-05', 'Banking', 'Success'),
(89, 'Premium', 300000.00, '2022-06-18', '2022-07-18', 'Cash', 'Success'),
(90, 'Basic', 150000.00, '2023-03-15', '2023-04-14', 'Momo', 'Success'),
(91, 'Premium', 300000.00, '2024-09-01', '2024-09-30', 'Banking', 'Success'),
(92, 'Basic', 150000.00, '2022-11-25', '2022-12-25', 'Cash', 'Success'),
(93, 'Premium', 300000.00, '2023-07-20', '2023-08-19', 'Momo', 'Success'),
(94, 'Basic', 150000.00, '2024-02-10', '2024-03-11', 'Banking', 'Success'),
(95, 'Premium', 300000.00, '2022-08-05', '2022-09-04', 'Cash', 'Failed'),
(96, 'Basic', 150000.00, '2023-01-30', '2023-03-01', 'Momo', 'Success'),
(97, 'Premium', 300000.00, '2024-05-15', '2024-06-14', 'Banking', 'Success'),
(98, 'Basic', 150000.00, '2022-04-22', '2022-05-22', 'Cash', 'Success'),
(99, 'Premium', 300000.00, '2023-10-10', '2023-11-09', 'Momo', 'Success'),
(100, 'Basic', 150000.00, '2024-06-25', '2024-07-25', 'Banking', 'Success'),
(101, 'Premium', 300000.00, '2022-12-15', '2023-01-14', 'Cash', 'Success'),
(102, 'Basic', 150000.00, '2023-02-20', '2023-03-22', 'Momo', 'Success'),
(103, 'Premium', 300000.00, '2024-03-10', '2024-04-09', 'Banking', 'Failed'),
(104, 'Basic', 150000.00, '2022-07-30', '2022-08-29', 'Cash', 'Success'),
(105, 'Premium', 300000.00, '2023-08-15', '2023-09-14', 'Momo', 'Success'),
(106, 'Basic', 150000.00, '2024-01-25', '2024-02-24', 'Banking', 'Success'),
(107, 'Premium', 300000.00, '2022-05-10', '2022-06-09', 'Cash', 'Success'),
(108, 'Basic', 150000.00, '2023-11-20', '2023-12-20', 'Momo', 'Success'),
(109, 'Premium', 300000.00, '2024-07-05', '2024-08-04', 'Banking', 'Success'),
(110, 'Basic', 150000.00, '2022-09-15', '2022-10-15', 'Cash', 'Success'),
(111, 'Premium', 300000.00, '2023-06-25', '2023-07-25', 'Momo', 'Failed'),
(112, 'Basic', 150000.00, '2024-04-15', '2024-05-15', 'Banking', 'Success'),
(113, 'Premium', 300000.00, '2022-03-05', '2022-04-04', 'Cash', 'Success'),
(114, 'Basic', 150000.00, '2023-12-25', '2024-01-24', 'Momo', 'Success'),
(115, 'Premium', 300000.00, '2024-08-20', '2024-09-19', 'Banking', 'Success'),
(116, 'Basic', 150000.00, '2022-10-10', '2022-11-09', 'Cash', 'Success'),
(117, 'Premium', 300000.00, '2023-05-15', '2023-06-14', 'Momo', 'Success'),
(118, 'Basic', 150000.00, '2024-02-25', '2024-03-26', 'Banking', 'Success'),
(119, 'Premium', 300000.00, '2022-06-20', '2022-07-20', 'Cash', 'Failed'),
(120, 'Basic', 150000.00, '2023-03-10', '2023-04-09', 'Momo', 'Success'),
(121, 'Premium', 300000.00, '2024-09-25', '2024-10-25', 'Banking', 'Success'),
(122, 'Basic', 150000.00, '2022-11-15', '2022-12-15', 'Cash', 'Success'),
(123, 'Premium', 300000.00, '2023-07-25', '2023-08-24', 'Momo', 'Success'),
(124, 'Basic', 150000.00, '2024-01-05', '2024-02-04', 'Banking', 'Success'),
(125, 'Premium', 300000.00, '2022-08-10', '2022-09-09', 'Cash', 'Success'),
(126, 'Basic', 150000.00, '2023-02-25', '2023-03-27', 'Momo', 'Success'),
(127, 'Premium', 300000.00, '2024-05-20', '2024-06-19', 'Banking', 'Failed'),
(128, 'Basic', 150000.00, '2022-04-15', '2022-05-15', 'Cash', 'Success'),
(129, 'Premium', 300000.00, '2023-10-25', '2023-11-24', 'Momo', 'Success'),
(130, 'Basic', 150000.00, '2024-06-10', '2024-07-10', 'Banking', 'Success'),
(131, 'Premium', 300000.00, '2022-12-20', '2023-01-19', 'Cash', 'Success'),
(132, 'Basic', 150000.00, '2023-01-15', '2023-02-14', 'Momo', 'Success'),
(133, 'Premium', 300000.00, '2024-03-25', '2024-04-24', 'Banking', 'Success'),
(134, 'Basic', 150000.00, '2022-07-05', '2022-08-04', 'Cash', 'Success'),
(135, 'Premium', 300000.00, '2023-08-20', '2023-09-19', 'Momo', 'Failed'),
(136, 'Basic', 150000.00, '2024-02-15', '2024-03-16', 'Banking', 'Success'),
(137, 'Premium', 300000.00, '2022-05-25', '2022-06-24', 'Cash', 'Success'),
(138, 'Basic', 150000.00, '2023-11-10', '2023-12-10', 'Momo', 'Success'),
(139, 'Premium', 300000.00, '2024-07-15', '2024-08-14', 'Banking', 'Success'),
(140, 'Basic', 150000.00, '2022-09-25', '2022-10-25', 'Cash', 'Success'),
(141, 'Premium', 300000.00, '2023-06-05', '2023-07-05', 'Momo', 'Success'),
(142, 'Basic', 150000.00, '2024-04-20', '2024-05-20', 'Banking', 'Success'),
(143, 'Premium', 300000.00, '2022-03-15', '2022-04-14', 'Cash', 'Failed'),
(144, 'Basic', 150000.00, '2023-12-15', '2024-01-14', 'Momo', 'Success'),
(145, 'Premium', 300000.00, '2024-08-25', '2024-09-24', 'Banking', 'Success'),
(146, 'Basic', 150000.00, '2022-10-25', '2022-11-24', 'Cash', 'Success'),
(147, 'Premium', 300000.00, '2023-05-20', '2023-06-19', 'Momo', 'Success'),
(148, 'Basic', 150000.00, '2024-01-15', '2024-02-14', 'Banking', 'Success'),
(149, 'Premium', 300000.00, '2022-06-25', '2022-07-25', 'Cash', 'Success'),
(150, 'Basic', 150000.00, '2023-03-25', '2023-04-24', 'Momo', 'Success'),
(151, 'Premium', 300000.00, '2024-09-10', '2024-10-10', 'Banking', 'Failed'),
(152, 'Basic', 150000.00, '2022-11-20', '2022-12-20', 'Cash', 'Success'),
(153, 'Premium', 300000.00, '2023-07-15', '2023-08-14', 'Momo', 'Success'),
(154, 'Basic', 150000.00, '2024-02-05', '2024-03-06', 'Banking', 'Success'),
(155, 'Premium', 300000.00, '2022-08-20', '2022-09-19', 'Cash', 'Success'),
(156, 'Basic', 150000.00, '2023-02-10', '2023-03-12', 'Momo', 'Success'),
(157, 'Premium', 300000.00, '2024-05-25', '2024-06-24', 'Banking', 'Success'),
(158, 'Basic', 150000.00, '2022-04-20', '2022-05-20', 'Cash', 'Success'),
(159, 'Premium', 300000.00, '2023-10-15', '2023-11-14', 'Momo', 'Failed'),
(160, 'Basic', 150000.00, '2024-06-20', '2024-07-20', 'Banking', 'Success'),
(161, 'Premium', 300000.00, '2022-12-25', '2023-01-24', 'Cash', 'Success'),
(162, 'Basic', 150000.00, '2023-01-20', '2023-02-19', 'Momo', 'Success'),
(163, 'Premium', 300000.00, '2024-03-15', '2024-04-14', 'Banking', 'Success'),
(164, 'Basic', 150000.00, '2022-07-15', '2022-08-14', 'Cash', 'Success'),
(165, 'Premium', 300000.00, '2023-08-25', '2023-09-24', 'Momo', 'Success'),
(166, 'Basic', 150000.00, '2024-02-20', '2024-03-21', 'Banking', 'Success'),
(167, 'Premium', 300000.00, '2022-05-20', '2022-06-19', 'Cash', 'Failed'),
(168, 'Basic', 150000.00, '2023-11-25', '2023-12-25', 'Momo', 'Success'),
(169, 'Premium', 300000.00, '2024-07-10', '2024-08-09', 'Banking', 'Success'),
(170, 'Basic', 150000.00, '2022-09-20', '2022-10-20', 'Cash', 'Success'),
(171, 'Premium', 300000.00, '2023-06-15', '2023-07-15', 'Momo', 'Success'),
(172, 'Basic', 150000.00, '2024-04-25', '2024-05-25', 'Banking', 'Success'),
(173, 'Premium', 300000.00, '2022-03-25', '2022-04-24', 'Cash', 'Success'),
(174, 'Basic', 150000.00, '2023-12-20', '2024-01-19', 'Momo', 'Success'),
(175, 'Premium', 300000.00, '2024-08-15', '2024-09-14', 'Banking', 'Failed'),
(176, 'Basic', 150000.00, '2022-10-15', '2022-11-14', 'Cash', 'Success'),
(177, 'Premium', 300000.00, '2023-05-25', '2023-06-24', 'Momo', 'Success'),
(178, 'Basic', 150000.00, '2024-01-20', '2024-02-19', 'Banking', 'Success'),
(179, 'Premium', 300000.00, '2022-06-15', '2022-07-15', 'Cash', 'Success'),
(180, 'Basic', 150000.00, '2023-03-20', '2023-04-19', 'Momo', 'Success'),
(181, 'Premium', 300000.00, '2024-09-20', '2024-10-20', 'Banking', 'Success'),
(182, 'Basic', 150000.00, '2022-11-10', '2022-12-10', 'Cash', 'Success'),
(183, 'Premium', 300000.00, '2023-07-20', '2023-08-19', 'Momo', 'Failed'),
(184, 'Basic', 150000.00, '2024-02-25', '2024-03-26', 'Banking', 'Success'),
(185, 'Premium', 300000.00, '2022-08-15', '2022-09-14', 'Cash', 'Success'),
(186, 'Basic', 150000.00, '2023-02-15', '2023-03-17', 'Momo', 'Success'),
(187, 'Premium', 300000.00, '2024-05-15', '2024-06-14', 'Banking', 'Success'),
(188, 'Basic', 150000.00, '2022-04-25', '2022-05-25', 'Cash', 'Success'),
(189, 'Premium', 300000.00, '2023-10-20', '2023-11-19', 'Momo', 'Success'),
(190, 'Basic', 150000.00, '2024-06-15', '2024-07-15', 'Banking', 'Success'),
(191, 'Premium', 300000.00, '2022-12-10', '2023-01-09', 'Cash', 'Failed'),
(192, 'Basic', 150000.00, '2023-01-25', '2023-02-24', 'Momo', 'Success'),
(193, 'Premium', 300000.00, '2024-03-20', '2024-04-19', 'Banking', 'Success'),
(194, 'Basic', 150000.00, '2022-07-20', '2022-08-19', 'Cash', 'Success'),
(195, 'Premium', 300000.00, '2023-08-10', '2023-09-09', 'Momo', 'Success'),
(196, 'Basic', 150000.00, '2024-02-15', '2024-03-16', 'Banking', 'Success'),
(197, 'Premium', 300000.00, '2022-05-25', '2022-06-24', 'Cash', 'Success'),
(198, 'Basic', 150000.00, '2023-11-15', '2023-12-15', 'Momo', 'Failed'),
(199, 'Premium', 300000.00, '2024-07-20', '2024-08-19', 'Banking', 'Success'),
(200, 'Basic', 150000.00, '2022-09-25', '2022-10-25', 'Cash', 'Success'),
(201, 'Premium', 300000.00, '2023-06-15', '2023-07-15', 'Momo', 'Success'),
(202, 'Basic', 150000.00, '2024-04-25', '2024-05-25', 'Banking', 'Success'),
(203, 'Premium', 300000.00, '2022-03-15', '2022-04-14', 'Cash', 'Failed'),
(204, 'Basic', 150000.00, '2023-12-20', '2024-01-19', 'Momo', 'Success'),
(205, 'Premium', 300000.00, '2024-08-25', '2024-09-24', 'Banking', 'Success'),
(206, 'Basic', 150000.00, '2022-10-15', '2022-11-14', 'Cash', 'Success'),
(207, 'Premium', 300000.00, '2023-05-20', '2023-06-19', 'Momo', 'Success'),
(208, 'Basic', 150000.00, '2024-01-25', '2024-02-24', 'Banking', 'Success'),
(209, 'Premium', 300000.00, '2022-06-20', '2022-07-20', 'Cash', 'Success'),
(210, 'Basic', 150000.00, '2023-03-25', '2023-04-24', 'Momo', 'Failed'),
(211, 'Premium', 300000.00, '2024-09-15', '2024-10-15', 'Banking', 'Success'),
(212, 'Basic', 150000.00, '2022-11-20', '2022-12-20', 'Cash', 'Success'),
(213, 'Premium', 300000.00, '2023-07-25', '2023-08-24', 'Momo', 'Success'),
(214, 'Basic', 150000.00, '2024-02-05', '2024-03-06', 'Banking', 'Success'),
(215, 'Premium', 300000.00, '2022-08-20', '2022-09-19', 'Cash', 'Success'),
(216, 'Basic', 150000.00, '2023-02-10', '2023-03-12', 'Momo', 'Success'),
(217, 'Premium', 300000.00, '2024-05-25', '2024-06-24', 'Banking', 'Failed'),
(218, 'Basic', 150000.00, '2022-04-20', '2022-05-20', 'Cash', 'Success'),
(219, 'Premium', 300000.00, '2023-10-15', '2023-11-14', 'Momo', 'Success'),
(220, 'Basic', 150000.00, '2024-06-20', '2024-07-20', 'Banking', 'Success'),
(221, 'Premium', 300000.00, '2022-12-25', '2023-01-24', 'Cash', 'Success'),
(222, 'Basic', 150000.00, '2023-01-20', '2023-02-19', 'Momo', 'Success'),
(223, 'Premium', 300000.00, '2024-03-15', '2024-04-14', 'Banking', 'Success'),
(224, 'Basic', 150000.00, '2022-07-15', '2022-08-14', 'Cash', 'Failed'),
(225, 'Premium', 300000.00, '2023-08-25', '2023-09-24', 'Momo', 'Success'),
(226, 'Basic', 150000.00, '2024-02-20', '2024-03-21', 'Banking', 'Success'),
(227, 'Premium', 300000.00, '2022-05-20', '2022-06-19', 'Cash', 'Success'),
(228, 'Basic', 150000.00, '2023-11-25', '2023-12-25', 'Momo', 'Success'),
(229, 'Premium', 300000.00, '2024-07-10', '2024-08-09', 'Banking', 'Success'),
(230, 'Basic', 150000.00, '2022-09-20', '2022-10-20', 'Cash', 'Success'),
(231, 'Premium', 300000.00, '2023-06-15', '2023-07-15', 'Momo', 'Failed'),
(232, 'Basic', 150000.00, '2024-04-25', '2024-05-25', 'Banking', 'Success'),
(233, 'Premium', 300000.00, '2022-03-25', '2022-04-24', 'Cash', 'Success'),
(234, 'Basic', 150000.00, '2023-12-20', '2024-01-19', 'Momo', 'Success'),
(235, 'Premium', 300000.00, '2024-08-15', '2024-09-14', 'Banking', 'Success'),
(236, 'Basic', 150000.00, '2022-10-15', '2022-11-14', 'Cash', 'Success'),
(237, 'Premium', 300000.00, '2023-05-25', '2023-06-24', 'Momo', 'Success'),
(238, 'Basic', 150000.00, '2024-01-20', '2024-02-19', 'Banking', 'Failed'),
(239, 'Premium', 300000.00, '2022-06-15', '2022-07-15', 'Cash', 'Success'),
(240, 'Basic', 150000.00, '2023-03-20', '2023-04-19', 'Momo', 'Success'),
(241, 'Premium', 300000.00, '2024-09-20', '2024-10-20', 'Banking', 'Success'),
(242, 'Basic', 150000.00, '2022-11-10', '2022-12-10', 'Cash', 'Success'),
(243, 'Premium', 300000.00, '2023-07-20', '2023-08-19', 'Momo', 'Success'),
(244, 'Basic', 150000.00, '2024-02-25', '2024-03-26', 'Banking', 'Success'),
(245, 'Premium', 300000.00, '2022-08-15', '2022-09-14', 'Cash', 'Failed'),
(246, 'Basic', 150000.00, '2023-02-15', '2023-03-17', 'Momo', 'Success'),
(247, 'Premium', 300000.00, '2024-05-15', '2024-06-14', 'Banking', 'Success'),
(248, 'Basic', 150000.00, '2022-04-25', '2022-05-25', 'Cash', 'Success'),
(249, 'Premium', 300000.00, '2023-10-20', '2023-11-19', 'Momo', 'Success'),
(250, 'Basic', 150000.00, '2024-06-15', '2024-07-15', 'Banking', 'Success'),
(251, 'Premium', 300000.00, '2022-12-10', '2023-01-09', 'Cash', 'Success'),
(252, 'Basic', 150000.00, '2023-01-25', '2023-02-24', 'Momo', 'Failed'),
(253, 'Premium', 300000.00, '2024-03-20', '2024-04-19', 'Banking', 'Success'),
(254, 'Basic', 150000.00, '2022-07-20', '2022-08-19', 'Cash', 'Success'),
(255, 'Premium', 300000.00, '2023-08-10', '2023-09-09', 'Momo', 'Success'),
(256, 'Basic', 150000.00, '2024-02-15', '2024-03-16', 'Banking', 'Success'),
(257, 'Premium', 300000.00, '2022-05-25', '2022-06-24', 'Cash', 'Success');

-- BẢNG 4: Alerts - Quản lý cảnh báo sức khỏe của trẻ
INSERT INTO Alerts (ChildID, AlertType, Description, AlertDate)
VALUES 
(57, 'Health', 'Bị sốt cao 38°C, cần nghỉ ngơi.', '2023-05-15 08:30:00'),
(57, 'Behavior', 'Có biểu hiện nghịch ngợm trong lớp.', '2023-05-16 14:15:00'),
(58, 'Health', 'Bị đau bụng, đã được sơ cứu.', '2022-11-10 10:45:00'),
(59, 'Health', 'Ho nhiều, có thể bị cảm lạnh.', '2024-03-21 09:00:00'),
(59, 'Behavior', 'Cãi nhau với bạn cùng lớp.', '2024-03-20 15:30:00'),
(60, 'Health', 'Bị dị ứng nhẹ, cần kiểm tra thực đơn.', '2023-08-25 11:00:00'),
(60, 'Behavior', 'Thích chơi một mình, không hòa đồng.', '2023-08-26 14:45:00'),
(61, 'Health', 'Bị ngã nhẹ, đã được băng bó.', '2022-06-16 10:15:00'),
(62, 'Health', 'Bị đau đầu, cần nghỉ ngơi.', '2024-07-12 09:30:00'),
(62, 'Behavior', 'Có dấu hiệu lười làm bài tập.', '2024-07-13 15:00:00'),
(63, 'Health', 'Bị sốt nhẹ 37.5°C, cần theo dõi.', '2023-02-19 08:45:00'),
(64, 'Health', 'Bị đau họng, cần uống nước ấm.', '2022-12-05 10:00:00'),
(64, 'Behavior', 'Gây mất trật tự trong lớp.', '2022-12-06 13:15:00'),
(65, 'Health', 'Bị mệt mỏi, cần nghỉ ngơi.', '2024-01-26 11:30:00'),
(65, 'Behavior', 'Gây rối trong giờ học.', '2024-01-25 15:15:00'),
(66, 'Health', 'Bị cảm cúm, cần giữ ấm.', '2023-09-10 09:15:00'),
(67, 'Health', 'Bị phát ban nhẹ, cần kiểm tra da.', '2023-06-20 10:00:00'),
(67, 'Behavior', 'Thường xuyên nói chuyện trong lớp.', '2023-06-21 13:45:00'),
(68, 'Health', 'Bị đau chân sau giờ thể dục.', '2024-04-10 11:15:00'),
(69, 'Health', 'Bị sốt 38.5°C, cần uống thuốc.', '2023-10-05 08:45:00'),
(69, 'Behavior', 'Không nghe lời cô giáo.', '2023-10-06 14:00:00'),
(70, 'Health', 'Bị ho khan, cần thăm khám.', '2024-05-15 09:30:00'),
(71, 'Health', 'Bị đau bụng nhẹ, đã kiểm tra.', '2022-09-12 10:30:00'),
(71, 'Behavior', 'Thích trêu chọc bạn bè.', '2022-09-13 13:45:00'),
(72, 'Health', 'Bị sốt cao 39°C, cần theo dõi.', '2023-11-20 08:15:00'),
(73, 'Health', 'Bị dị ứng mắt, cần rửa sạch.', '2024-02-10 09:45:00'),
(74, 'Health', 'Bị cảm lạnh, cần nghỉ ngơi.', '2023-07-15 11:00:00'),
(74, 'Behavior', 'Không chịu làm bài tập về nhà.', '2023-07-16 13:30:00'),
(75, 'Health', 'Bị đau tai, cần thăm khám.', '2022-08-25 10:15:00'),
(76, 'Health', 'Bị ngã trầy xước đầu gối.', '2024-03-05 09:30:00'),
(77, 'Health', 'Bị sốt nhẹ, cần uống nước nhiều.', '2023-12-01 08:45:00'),
(77, 'Behavior', 'Gây ồn ào trong lớp.', '2023-12-02 13:15:00'),
(78, 'Health', 'Bị đau họng, cần giữ ấm cổ.', '2022-10-15 09:00:00'),
(79, 'Health', 'Bị mệt mỏi sau giờ chơi.', '2024-01-10 11:00:00'),
(79, 'Behavior', 'Thích tranh giành đồ chơi.', '2024-01-09 15:00:00'),
(80, 'Health', 'Bị phát ban do thời tiết.', '2023-03-20 10:30:00'),
(81, 'Health', 'Bị sốt 38°C, cần nghỉ ngơi.', '2024-06-05 08:30:00'),
(81, 'Behavior', 'Không tập trung khi học.', '2024-06-06 14:15:00'),
(82, 'Health', 'Bị ho nhiều, cần uống siro.', '2022-11-25 10:00:00'),
(83, 'Health', 'Bị dị ứng nhẹ với phấn hoa.', '2024-05-20 09:30:00'),
(83, 'Behavior', 'Không chịu ngồi yên.', '2024-05-21 13:00:00'),
(84, 'Health', 'Bị đau bụng, đã được sơ cứu.', '2023-07-21 10:00:00'),
(85, 'Health', 'Bị sốt cao 39°C, cần theo dõi thêm.', '2024-02-15 08:30:00'),
(85, 'Behavior', 'Thường xuyên quên làm bài tập.', '2024-02-14 14:45:00'),
(86, 'Health', 'Bị đau đầu, cần nghỉ ngơi.', '2022-10-26 09:45:00'),
(87, 'Health', 'Bị cảm cúm, cần giữ ấm.', '2023-09-15 10:15:00'),
(87, 'Behavior', 'Cãi nhau với bạn cùng lớp.', '2023-09-14 14:30:00'),
(88, 'Health', 'Bị ngã nhẹ, đã băng bó.', '2024-03-10 11:00:00'),
(89, 'Health', 'Bị sốt nhẹ 37.8°C, cần theo dõi.', '2023-01-20 08:30:00'),
(90, 'Health', 'Bị đau họng, cần uống nước ấm.', '2022-12-10 09:15:00'),
(90, 'Behavior', 'Gây rối trong giờ học.', '2022-12-11 13:45:00'),
(91, 'Health', 'Bị mệt mỏi, cần nghỉ ngơi.', '2024-04-15 10:30:00'),
(92, 'Health', 'Bị phát ban nhẹ, cần kiểm tra.', '2023-06-25 09:00:00'),
(92, 'Behavior', 'Thích trêu chọc bạn bè.', '2023-06-26 14:00:00'),
(93, 'Health', 'Bị đau chân sau giờ thể dục.', '2024-05-10 11:15:00'),
(94, 'Health', 'Bị sốt 38.5°C, cần uống thuốc.', '2023-11-15 08:45:00'),
(95, 'Health', 'Bị ho khan, cần thăm khám.', '2022-09-20 09:30:00'),
(95, 'Behavior', 'Không chịu chia sẻ đồ chơi.', '2022-09-21 13:15:00'),
(96, 'Health', 'Bị đau bụng nhẹ, đã kiểm tra.', '2024-01-25 10:00:00'),
(97, 'Health', 'Bị sốt cao 39°C, cần theo dõi.', '2023-03-15 08:15:00'),
(97, 'Behavior', 'Có biểu hiện lơ đãng.', '2023-03-16 14:30:00'),
(98, 'Health', 'Bị dị ứng mắt, cần rửa sạch.', '2024-06-20 09:45:00'),
(99, 'Health', 'Bị cảm lạnh, cần nghỉ ngơi.', '2023-08-10 11:00:00'),
(100, 'Health', 'Bị đau tai, cần thăm khám.', '2022-10-05 10:15:00'),
(100, 'Behavior', 'Không nghe lời cô giáo.', '2022-10-06 13:30:00'),
(101, 'Health', 'Bị ngã trầy xước đầu gối.', '2024-02-20 09:30:00'),
(102, 'Health', 'Bị sốt nhẹ, cần uống nước nhiều.', '2023-12-15 08:45:00'),
(103, 'Health', 'Bị đau họng, cần giữ ấm cổ.', '2022-11-10 09:00:00'),
(103, 'Behavior', 'Gây ồn ào trong lớp.', '2022-11-11 13:15:00'),
(104, 'Health', 'Bị mệt mỏi sau giờ chơi.', '2024-03-25 11:00:00'),
(105, 'Health', 'Bị phát ban do thời tiết.', '2023-04-10 10:30:00'),
(105, 'Behavior', 'Thích tranh giành đồ chơi.', '2023-04-11 14:15:00'),
(106, 'Health', 'Bị sốt 38°C, cần nghỉ ngơi.', '2024-05-05 08:30:00'),
(107, 'Health', 'Bị ho nhiều, cần uống siro.', '2023-02-20 10:00:00'),
(108, 'Health', 'Bị dị ứng nhẹ với phấn hoa.', '2022-12-15 09:30:00'),
(108, 'Behavior', 'Không chịu ngồi yên.', '2022-12-16 13:00:00'),
(109, 'Health', 'Bị đau bụng, đã được sơ cứu.', '2024-01-10 10:00:00'),
(110, 'Health', 'Bị sốt cao 39°C, cần theo dõi thêm.', '2023-07-25 08:30:00'),
(111, 'Health', 'Bị đau đầu, cần nghỉ ngơi.', '2022-09-15 09:45:00'),
(111, 'Behavior', 'Cãi nhau với bạn cùng lớp.', '2022-09-14 14:30:00'),
(112, 'Health', 'Bị cảm cúm, cần giữ ấm.', '2024-06-10 10:15:00'),
(113, 'Health', 'Bị ngã nhẹ, đã băng bó.', '2023-05-20 11:00:00'),
(114, 'Health', 'Bị sốt nhẹ 37.8°C, cần theo dõi.', '2022-10-25 08:30:00'),
(114, 'Behavior', 'Thường xuyên quên làm bài tập.', '2022-10-24 14:45:00'),
(115, 'Health', 'Bị đau họng, cần uống nước ấm.', '2024-03-15 09:15:00'),
(116, 'Health', 'Bị mệt mỏi, cần nghỉ ngơi.', '2023-11-10 10:30:00'),
(117, 'Health', 'Bị phát ban nhẹ, cần kiểm tra.', '2022-08-20 09:00:00'),
(117, 'Behavior', 'Thích trêu chọc bạn bè.', '2022-08-21 14:00:00'),
(118, 'Health', 'Bị đau chân sau giờ thể dục.', '2024-04-25 11:15:00'),
(119, 'Health', 'Bị sốt 38.5°C, cần uống thuốc.', '2023-06-15 08:45:00'),
(120, 'Health', 'Bị ho khan, cần thăm khám.', '2022-12-20 09:30:00'),
(121, 'Health', 'Bị đau bụng nhẹ, đã kiểm tra.', '2024-02-10 10:00:00'),
(121, 'Behavior', 'Không tập trung khi học.', '2024-02-09 14:15:00'),
(122, 'Health', 'Bị sốt cao 39°C, cần theo dõi.', '2023-09-25 08:15:00'),
(123, 'Health', 'Bị dị ứng mắt, cần rửa sạch.', '2022-11-15 09:45:00'),
(124, 'Health', 'Bị cảm lạnh, cần nghỉ ngơi.', '2024-05-15 11:00:00'),
(124, 'Behavior', 'Gây mất trật tự trong lớp.', '2024-05-14 13:30:00'),
(125, 'Health', 'Bị đau tai, cần thăm khám.', '2023-03-10 10:15:00'),
(126, 'Health', 'Bị ngã trầy xước đầu gối.', '2022-10-10 09:30:00'),
(127, 'Health', 'Bị sốt nhẹ, cần uống nước nhiều.', '2024-01-20 08:45:00'),
(127, 'Behavior', 'Không chịu chia sẻ đồ chơi.', '2024-01-19 13:15:00'),
(128, 'Health', 'Bị đau họng, cần giữ ấm cổ.', '2023-08-15 09:00:00'),
(129, 'Health', 'Bị mệt mỏi sau giờ chơi.', '2022-12-25 11:00:00'),
(130, 'Health', 'Bị phát ban do thời tiết.', '2024-06-15 10:30:00'),
(130, 'Behavior', 'Thích tranh giành đồ chơi.', '2024-06-14 14:15:00'),
(131, 'Health', 'Bị sốt 38°C, cần nghỉ ngơi.', '2023-04-25 08:30:00'),
(132, 'Health', 'Bị ho nhiều, cần uống siro.', '2022-09-10 10:00:00'),
(133, 'Health', 'Bị dị ứng nhẹ với phấn hoa.', '2024-03-20 09:30:00'),
(134, 'Health', 'Bị đau bụng, đã được sơ cứu.', '2023-11-15 10:00:00'),
(134, 'Behavior', 'Không nghe lời cô giáo.', '2023-11-14 13:45:00'),
(135, 'Health', 'Bị sốt cao 39°C, cần theo dõi thêm.', '2022-08-15 08:30:00'),
(136, 'Health', 'Bị đau đầu, cần nghỉ ngơi.', '2024-05-25 09:45:00'),
(137, 'Health', 'Bị cảm cúm, cần giữ ấm.', '2023-07-10 10:15:00'),
(137, 'Behavior', 'Cãi nhau với bạn cùng lớp.', '2023-07-09 14:30:00'),
(138, 'Health', 'Bị ngã nhẹ, đã băng bó.', '2022-11-20 11:00:00'),
(139, 'Health', 'Bị sốt nhẹ 37.8°C, cần theo dõi.', '2024-02-25 08:30:00'),
(140, 'Health', 'Bị đau họng, cần uống nước ấm.', '2023-05-15 09:15:00'),
(140, 'Behavior', 'Gây rối trong giờ học.', '2023-05-14 13:45:00'),
(141, 'Health', 'Bị mệt mỏi, cần nghỉ ngơi.', '2022-10-15 10:30:00'),
(142, 'Health', 'Bị phát ban nhẹ, cần kiểm tra.', '2024-06-20 09:00:00'),
(143, 'Health', 'Bị đau chân sau giờ thể dục.', '2023-12-10 11:15:00'),
(143, 'Behavior', 'Thích trêu chọc bạn bè.', '2023-12-09 14:00:00'),
(144, 'Health', 'Bị sốt 38.5°C, cần uống thuốc.', '2022-09-25 08:45:00'),
(145, 'Health', 'Bị ho khan, cần thăm khám.', '2024-04-10 09:30:00'),
(146, 'Health', 'Bị đau bụng nhẹ, đã kiểm tra.', '2023-06-20 10:00:00'),
(147, 'Health', 'Bị sốt cao 39°C, cần theo dõi.', '2022-12-15 08:15:00'),
(147, 'Behavior', 'Không tập trung khi học.', '2022-12-14 14:30:00'),
(148, 'Health', 'Bị dị ứng mắt, cần rửa sạch.', '2024-03-25 09:45:00'),
(149, 'Health', 'Bị cảm lạnh, cần nghỉ ngơi.', '2023-08-20 11:00:00'),
(150, 'Health', 'Bị đau tai, cần thăm khám.', '2022-11-25 10:15:00'),
(150, 'Behavior', 'Gây ồn ào trong lớp.', '2022-11-24 13:15:00'),
(151, 'Health', 'Bị ngã trầy xước đầu gối.', '2024-01-15 09:30:00'),
(152, 'Health', 'Bị sốt nhẹ, cần uống nước nhiều.', '2023-09-10 08:45:00'),
(153, 'Health', 'Bị đau họng, cần giữ ấm cổ.', '2022-10-20 09:00:00'),
(154, 'Health', 'Bị mệt mỏi sau giờ chơi.', '2024-05-10 11:00:00'),
(154, 'Behavior', 'Thích tranh giành đồ chơi.', '2024-05-09 14:15:00'),
(155, 'Health', 'Bị phát ban do thời tiết.', '2023-03-15 10:30:00'),
(156, 'Health', 'Bị sốt 38°C, cần nghỉ ngơi.', '2022-08-20 08:30:00'),
(157, 'Health', 'Bị ho nhiều, cần uống siro.', '2024-06-15 10:00:00'),
(157, 'Behavior', 'Không chịu ngồi yên.', '2024-06-14 13:00:00'),
(158, 'Health', 'Bị dị ứng nhẹ với phấn hoa.', '2023-11-20 09:30:00'),
(159, 'Health', 'Bị đau bụng, đã được sơ cứu.', '2022-12-10 10:00:00'),
(160, 'Health', 'Bị sốt cao 39°C, cần theo dõi thêm.', '2024-02-20 08:30:00'),
(160, 'Behavior', 'Cãi nhau với bạn cùng lớp.', '2024-02-19 14:45:00'),
(161, 'Health', 'Bị đau đầu, cần nghỉ ngơi.', '2023-07-15 09:45:00'),
(162, 'Health', 'Bị cảm cúm, cần giữ ấm.', '2022-09-20 10:15:00'),
(163, 'Health', 'Bị ngã nhẹ, đã băng bó.', '2024-04-15 11:00:00'),
(164, 'Health', 'Bị sốt nhẹ 37.8°C, cần theo dõi.', '2023-05-25 08:30:00'),
(165, 'Health', 'Bị đau họng, cần uống nước ấm.', '2022-11-15 09:15:00'),
(165, 'Behavior', 'Gây rối trong giờ học.', '2022-11-14 13:45:00'),
(166, 'Health', 'Bị mệt mỏi, cần nghỉ ngơi.', '2024-03-10 10:30:00'),
(167, 'Health', 'Bị phát ban nhẹ, cần kiểm tra.', '2023-08-25 09:00:00'),
(168, 'Health', 'Bị đau chân sau giờ thể dục.', '2022-10-15 11:15:00'),
(168, 'Behavior', 'Thích trêu chọc bạn bè.', '2022-10-14 14:00:00'),
(169, 'Health', 'Bị sốt 38.5°C, cần uống thuốc.', '2024-06-20 08:45:00'),
(170, 'Health', 'Bị ho khan, cần thăm khám.', '2023-12-15 09:30:00'),
(171, 'Health', 'Bị đau bụng nhẹ, đã kiểm tra.', '2022-09-25 10:00:00'),
(172, 'Health', 'Bị sốt cao 39°C, cần theo dõi.', '2024-01-20 08:15:00'),
(172, 'Behavior', 'Không tập trung khi học.', '2024-01-19 14:30:00'),
(173, 'Health', 'Bị dị ứng mắt, cần rửa sạch.', '2023-06-10 09:45:00'),
(174, 'Health', 'Bị cảm lạnh, cần nghỉ ngơi.', '2022-12-20 11:00:00'),
(175, 'Health', 'Bị đau tai, cần thăm khám.', '2024-05-15 10:15:00'),
(175, 'Behavior', 'Gây ồn ào trong lớp.', '2024-05-14 13:15:00'),
(176, 'Health', 'Bị ngã trầy xước đầu gối.', '2023-03-20 09:30:00'),
(177, 'Health', 'Bị sốt nhẹ, cần uống nước nhiều.', '2022-11-25 08:45:00'),
(178, 'Health', 'Bị đau họng, cần giữ ấm cổ.', '2024-02-15 09:00:00'),
(179, 'Health', 'Bị mệt mỏi sau giờ chơi.', '2023-09-15 11:00:00'),
(180, 'Health', 'Bị phát ban do thời tiết.', '2022-10-20 10:30:00'),
(180, 'Behavior', 'Thích tranh giành đồ chơi.', '2022-10-19 14:15:00'),
(181, 'Health', 'Bị sốt 38°C, cần nghỉ ngơi.', '2024-06-10 08:30:00'),
(182, 'Health', 'Bị ho nhiều, cần uống siro.', '2023-04-15 10:00:00'),
(183, 'Health', 'Bị dị ứng nhẹ với phấn hoa.', '2022-12-25 09:30:00'),
(184, 'Health', 'Bị đau bụng, đã được sơ cứu.', '2024-03-20 10:00:00'),
(184, 'Behavior', 'Không chịu ngồi yên.', '2024-03-19 13:00:00'),
(185, 'Health', 'Bị sốt cao 39°C, cần theo dõi thêm.', '2023-08-10 08:30:00'),
(186, 'Health', 'Bị đau đầu, cần nghỉ ngơi.', '2022-09-15 09:45:00'),
(187, 'Health', 'Bị cảm cúm, cần giữ ấm.', '2024-05-20 10:15:00'),
(188, 'Health', 'Bị ngã nhẹ, đã băng bó.', '2023-11-25 11:00:00'),
(188, 'Behavior', 'Cãi nhau với bạn cùng lớp.', '2023-11-24 14:45:00'),
(189, 'Health', 'Bị sốt nhẹ 37.8°C, cần theo dõi.', '2022-10-10 08:30:00'),
(190, 'Health', 'Bị đau họng, cần uống nước ấm.', '2024-01-15 09:15:00'),
(191, 'Health', 'Bị mệt mỏi, cần nghỉ ngơi.', '2023-06-20 10:30:00'),
(192, 'Health', 'Bị phát ban nhẹ, cần kiểm tra.', '2022-12-15 09:00:00'),
(192, 'Behavior', 'Thích trêu chọc bạn bè.', '2022-12-14 14:00:00'),
(193, 'Health', 'Bị đau chân sau giờ thể dục.', '2024-04-20 11:15:00'),
(194, 'Health', 'Bị sốt 38.5°C, cần uống thuốc.', '2023-09-20 08:45:00'),
(195, 'Health', 'Bị ho khan, cần thăm khám.', '2022-11-10 09:30:00'),
(196, 'Health', 'Bị đau bụng nhẹ, đã kiểm tra.', '2024-02-25 10:00:00'),
(197, 'Health', 'Bị sốt cao 39°C, cần theo dõi.', '2023-07-15 08:15:00'),
(197, 'Behavior', 'Không tập trung khi học.', '2023-07-14 14:30:00'),
(198, 'Health', 'Bị dị ứng mắt, cần rửa sạch.', '2022-10-25 09:45:00'),
(199, 'Health', 'Bị cảm lạnh, cần nghỉ ngơi.', '2024-06-15 11:00:00'),
(200, 'Health', 'Bị đau tai, cần thăm khám.', '2023-05-10 10:15:00'),
(200, 'Behavior', 'Gây ồn ào trong lớp.', '2023-05-09 13:15:00'),
(201, 'Health', 'Bị ngã trầy xước đầu gối.', '2022-12-20 09:30:00'),
(202, 'Health', 'Bị sốt nhẹ, cần uống nước nhiều.', '2024-03-15 08:45:00'),
(203, 'Health', 'Bị đau họng, cần giữ ấm cổ.', '2023-08-25 09:00:00'),
(204, 'Health', 'Bị mệt mỏi sau giờ chơi.', '2022-11-15 11:00:00'),
(205, 'Health', 'Bị phát ban do thời tiết.', '2024-01-20 10:30:00'),
(205, 'Behavior', 'Thích tranh giành đồ chơi.', '2024-01-19 14:15:00'),
(206, 'Health', 'Bị sốt 38°C, cần nghỉ ngơi.', '2023-06-15 08:30:00'),
(207, 'Health', 'Bị ho nhiều, cần uống siro.', '2022-10-20 10:00:00'),
(208, 'Health', 'Bị dị ứng nhẹ với phấn hoa.', '2024-05-25 09:30:00'),
(209, 'Health', 'Bị đau bụng, đã được sơ cứu.', '2023-12-10 10:00:00'),
(210, 'Health', 'Bị sốt cao 39°C, cần theo dõi thêm.', '2022-09-15 08:30:00'),
(210, 'Behavior', 'Không chịu ngồi yên.', '2022-09-14 13:00:00'),
(211, 'Health', 'Bị đau đầu, cần nghỉ ngơi.', '2024-04-10 09:45:00'),
(212, 'Health', 'Bị cảm cúm, cần giữ ấm.', '2023-11-20 10:15:00'),
(213, 'Health', 'Bị ngã nhẹ, đã băng bó.', '2022-12-25 11:00:00'),
(214, 'Health', 'Bị sốt nhẹ 37.8°C, cần theo dõi.', '2024-06-20 08:30:00'),
(215, 'Health', 'Bị đau họng, cần uống nước ấm.', '2023-03-15 09:15:00'),
(215, 'Behavior', 'Gây rối trong giờ học.', '2023-03-14 13:45:00'),
(216, 'Health', 'Bị mệt mỏi, cần nghỉ ngơi.', '2022-10-15 10:30:00'),
(217, 'Health', 'Bị phát ban nhẹ, cần kiểm tra.', '2024-02-20 09:00:00'),
(218, 'Health', 'Bị đau chân sau giờ thể dục.', '2023-08-10 11:15:00'),
(219, 'Health', 'Bị sốt 38.5°C, cần uống thuốc.', '2022-11-20 08:45:00'),
(220, 'Health', 'Bị ho khan, cần thăm khám.', '2024-05-15 09:30:00'),
(220, 'Behavior', 'Thích trêu chọc bạn bè.', '2024-05-14 14:00:00'),
(221, 'Health', 'Bị đau bụng nhẹ, đã kiểm tra.', '2023-06-25 10:00:00'),
(222, 'Health', 'Bị sốt cao 39°C, cần theo dõi.', '2022-12-15 08:15:00'),
(223, 'Health', 'Bị dị ứng mắt, cần rửa sạch.', '2024-03-20 09:45:00'),
(224, 'Health', 'Bị cảm lạnh, cần nghỉ ngơi.', '2023-09-15 11:00:00'),
(225, 'Health', 'Bị đau tai, cần thăm khám.', '2022-10-25 10:15:00'),
(225, 'Behavior', 'Không tập trung khi học.', '2022-10-24 14:30:00'),
(226, 'Health', 'Bị ngã trầy xước đầu gối.', '2024-01-15 09:30:00'),
(227, 'Health', 'Bị sốt nhẹ, cần uống nước nhiều.', '2023-07-20 08:45:00'),
(228, 'Health', 'Bị đau họng, cần giữ ấm cổ.', '2022-11-10 09:00:00'),
(229, 'Health', 'Bị mệt mỏi sau giờ chơi.', '2024-06-15 11:00:00'),
(230, 'Health', 'Bị phát ban do thời tiết.', '2023-05-25 10:30:00'),
(230, 'Behavior', 'Thích tranh giành đồ chơi.', '2023-05-24 14:15:00'),
(231, 'Health', 'Bị sốt 38°C, cần nghỉ ngơi.', '2022-12-20 08:30:00'),
(232, 'Health', 'Bị ho nhiều, cần uống siro.', '2024-04-15 10:00:00'),
(233, 'Health', 'Bị dị ứng nhẹ với phấn hoa.', '2023-08-20 09:30:00'),
(234, 'Health', 'Bị đau bụng, đã được sơ cứu.', '2022-10-15 10:00:00'),
(235, 'Health', 'Bị sốt cao 39°C, cần theo dõi thêm.', '2024-02-25 08:30:00'),
(235, 'Behavior', 'Gây ồn ào trong lớp.', '2024-02-24 13:15:00'),
(236, 'Health', 'Bị đau đầu, cần nghỉ ngơi.', '2023-11-15 09:45:00'),
(237, 'Health', 'Bị cảm cúm, cần giữ ấm.', '2022-09-20 10:15:00'),
(238, 'Health', 'Bị ngã nhẹ, đã băng bó.', '2024-05-10 11:00:00'),
(239, 'Health', 'Bị sốt nhẹ 37.8°C, cần theo dõi.', '2023-06-15 08:30:00'),
(240, 'Health', 'Bị đau họng, cần uống nước ấm.', '2022-12-25 09:15:00'),
(241, 'Health', 'Bị mệt mỏi, cần nghỉ ngơi.', '2024-03-15 10:30:00'),
(241, 'Behavior', 'Không chịu ngồi yên.', '2024-03-14 13:00:00'),
(242, 'Health', 'Bị phát ban nhẹ, cần kiểm tra.', '2023-09-10 09:00:00'),
(243, 'Health', 'Bị đau chân sau giờ thể dục.', '2022-11-15 11:15:00'),
(244, 'Health', 'Bị sốt 38.5°C, cần uống thuốc.', '2024-01-20 08:45:00'),
(245, 'Health', 'Bị ho khan, cần thăm khám.', '2023-07-25 09:30:00'),
(246, 'Health', 'Bị đau bụng nhẹ, đã kiểm tra.', '2022-10-20 10:00:00'),
(246, 'Behavior', 'Thích trêu chọc bạn bè.', '2022-10-19 14:00:00'),
(247, 'Health', 'Bị sốt cao 39°C, cần theo dõi.', '2024-06-15 08:15:00'),
(248, 'Health', 'Bị dị ứng mắt, cần rửa sạch.', '2023-05-20 09:45:00'),
(249, 'Health', 'Bị cảm lạnh, cần nghỉ ngơi.', '2022-12-10 11:00:00'),
(250, 'Health', 'Bị đau tai, cần thăm khám.', '2024-04-20 10:15:00'),
(251, 'Health', 'Bị ngã trầy xước đầu gối.', '2023-08-15 09:30:00'),
(251, 'Behavior', 'Cãi nhau với bạn cùng lớp.', '2023-08-14 14:45:00'),
(252, 'Health', 'Bị sốt nhẹ, cần uống nước nhiều.', '2022-11-20 08:45:00'),
(253, 'Health', 'Bị đau họng, cần giữ ấm cổ.', '2024-02-15 09:00:00'),
(254, 'Health', 'Bị mệt mỏi sau giờ chơi.', '2023-06-20 11:00:00'),
(254, 'Behavior', 'Không tập trung khi học.', '2023-06-19 14:30:00'),
(255, 'Health', 'Bị phát ban do thời tiết.', '2022-10-25 10:30:00'),
(256, 'Health', 'Bị sốt 38°C, cần nghỉ ngơi.', '2024-05-20 08:30:00'),
(256, 'Behavior', 'Gây rối trong giờ học.', '2024-05-19 13:45:00'),
(257, 'Health', 'Bị dị ứng mắt, cần rửa sạch.', '2023-05-20 09:45:00');


-- BẢNG 5: Consultations - Quản lý tư vấn giữa người dùng và bác sĩ
INSERT INTO Consultations (UserID, DoctorID, ChildID, RequestDate, Message, Status, FeedbackText, FeedbackCreatedAt)
VALUES 
(4, 2, 1, '2025-03-20 11:00:00', 'Con tôi bị sốt cao, cần tư vấn gấp', 'Completed', 'Cảm ơn bác sĩ, rất hữu ích!', '2025-03-20 15:00:00'), -- nguyenvantuan578 & lethibich235
(5, 3, 2, '2025-03-19 15:00:00', 'Con tôi bị phát ban, có phải dị ứng không?', 'Pending', NULL, NULL), -- lethimai924 & dinhvannam682
(6, 2, 3, '2025-03-21 10:00:00', 'Trẻ ho nhiều, có cần đi khám không?', 'Pending', NULL, NULL), -- phamvanhung367 & lethibich235
(7, 3, 4, '2025-03-18 17:00:00', 'Con tôi giảm cân bất thường, cần kiểm tra gì?', 'Completed', 'Bác sĩ tư vấn rất tận tình', '2025-03-19 09:00:00'), -- duongthilan452 & dinhvannam682
(8, 2, 5, '2025-03-21 09:00:00', 'Con tôi sốt nhẹ, có cần thuốc không?', 'Pending', NULL, NULL); -- phanvanminh819 & lethibich235


-- BẢNG 6: Reports - Quản lý báo cáo & dashboard
INSERT INTO Reports (ReportName, Description, GeneratedAt, GeneratedByUserID, ReportData)
VALUES 
('Health Stats Mar 2025', 'Thống kê sức khỏe trẻ em tháng 3/2025', '2025-03-21 14:00:00', 1, '{"total_children": 5, "avg_bmi": 14.78, "alerts": 5}'), -- Admin_1
('Membership Report', 'Báo cáo gói thành viên tháng 3/2025', '2025-03-21 15:00:00', 1, '{"basic": 3, "premium": 2, "total_revenue": 1050000}'); -- Admin_1


-- BẢNG 7: ContentPosts - Quản lý Blog & FAQ
INSERT INTO ContentPosts (Title, Content, PostType, AuthorID, CreatedAt)
VALUES 
('Cách chăm sóc trẻ bị sốt', 'Hướng dẫn hạ sốt tại nhà và khi nào cần đi bác sĩ...', 'Blog', 1, '2025-03-20 08:00:00'), -- Admin_1
('Dị ứng ở trẻ: Những điều cần biết', 'Nguyên nhân, triệu chứng và cách xử lý dị ứng...', 'Blog', 1, '2025-03-19 10:00:00'), -- Admin_1
('Trẻ ho lâu có nguy hiểm không?', 'Giải đáp thắc mắc về ho kéo dài ở trẻ...', 'FAQ', 1, '2025-03-21 09:00:00'); -- Admin_1